<?xml version="1.0" encoding="UTF-8"?> 
<scores>
<league>NFL</league><year>1993</year><season>Playoffs</season>
<date day="1994-01-08">
<game info="NFC Wild Card"> 
<team tnum="1"><name>Green Bay Packers</name><score>28</score><site>V</site><line>1.5</line></team>
<team tnum="2"><name>Detroit Lions</name><score>24</score><site>H</site><line>-1.5</line></team>
</game>
<game info="AFC Wild Card"> 
<team tnum="1"><name>Pittsburgh Steelers</name><score>24</score><site>V</site><line>7.5</line></team>
<team tnum="2"><name>Kansas City Chiefs</name><score>27</score><site>H</site><line>-7.5</line></team>
</game>
</date>
<date day="1994-01-09">
<game info="AFC Wild Card"> 
<team tnum="1"><name>Denver Broncos</name><score>24</score><site>V</site><line>2</line></team>
<team tnum="2"><name>Los Angeles Raiders</name><score>42</score><site>H</site><line>-2</line></team>
</game>
<game info="NFC Wild Card"> 
<team tnum="1"><name>Minnesota Vikings</name><score>10</score><site>V</site><line>6.5</line></team>
<team tnum="2"><name>New York Giants</name><score>17</score><site>H</site><line>-6.5</line></team>
</game>
</date>
<date day="1994-01-15">
<game info="NFC Divisional Playoff"> 
<team tnum="1"><name>New York Giants</name><score>3</score><site>V</site><line>8</line></team>
<team tnum="2"><name>San Francisco 49ers</name><score>44</score><site>H</site><line>-8</line></team>
</game>
<game info="AFC Divisional Playoff"> 
<team tnum="1"><name>Los Angeles Raiders</name><score>23</score><site>V</site><line>7</line></team>
<team tnum="2"><name>Buffalo Bills</name><score>29</score><site>H</site><line>-7</line></team>
</game>
</date>
<date day="1994-01-16">
<game info="NFC Divisional Playoff"> 
<team tnum="1"><name>Green Bay Packers</name><score>17</score><site>V</site><line>13.5</line></team>
<team tnum="2"><name>Dallas Cowboys</name><score>27</score><site>H</site><line>-13.5</line></team>
</game>
<game info="AFC Divisional Playoff"> 
<team tnum="1"><name>Kansas City Chiefs</name><score>28</score><site>V</site><line>7</line></team>
<team tnum="2"><name>Houston Oilers</name><score>20</score><site>H</site><line>-7</line></team>
</game>
</date>
<date day="1994-01-23">
<game info="AFC Championship"> 
<team tnum="1"><name>Kansas City Chiefs</name><score>13</score><site>V</site><line>3</line></team>
<team tnum="2"><name>Buffalo Bills</name><score>30</score><site>H</site><line>-3</line></team>
</game>
<game info="NFC Championship"> 
<team tnum="1"><name>San Francisco 49ers</name><score>21</score><site>V</site><line>3</line></team>
<team tnum="2"><name>Dallas Cowboys</name><score>38</score><site>H</site><line>-3</line></team>
</game>
</date>
<date day="1994-01-30">
<game info="Super Bowl XXVIII"> 
<team tnum="1"><name>Buffalo Bills</name><score>13</score><line>10.5</line></team>
<team tnum="2"><name>Dallas Cowboys</name><score>30</score><line>-10.5</line></team>
</game>
</date>
</scores>
