<?xml version="1.0" encoding="UTF-8"?> 
<scores>
<year>2012</year><league>NFL</league><season>Playoffs</season>
<date day="2013-01-05">
<game info="AFC Wild Card"><team tnum="1"><name>Cincinnati Bengals</name><score>13</score><site>V</site><line>4</line><totline>42.5</totline></team>
<team tnum="2"><name>Houston Texans</name><score>19</score><site>H</site><line>-4</line><totline>42.5</totline></team></game>
<game info="NFC Wild Card"><team tnum="1"><name>Minnesota Vikings</name><score>10</score><site>V</site><line>11</line><totline>44.5</totline></team>
<team tnum="2"><name>Green Bay Packers</name><score>24</score><site>H</site><line>-11</line><totline>44.5</totline></team></game>
</date>
<date day="2013-01-06">
<game info="AFC Wild Card"><team tnum="1"><name>Indianapolis Colts</name><score>9</score><site>V</site><line>7</line><totline>47</totline></team>
<team tnum="2"><name>Baltimore Ravens</name><score>24</score><site>H</site><line>-7</line><totline>47</totline></team></game>
<game info="NFC Wild Card"><team tnum="1"><name>Seattle Seahawks</name><score>24</score><site>V</site><line>-3</line><totline>45</totline></team>
<team tnum="2"><name>Washington Redskins</name><score>14</score><site>H</site><line>3</line><totline>45</totline></team></game>
</date>
<date day="2013-01-12">
<game info="AFC Divisional Playoff"><team tnum="1"><name>Baltimore Ravens</name><score>38</score><site>V</site><line>9</line><totline>44.5</totline></team>
<team tnum="2"><name>Denver Broncos</name><score>35</score><site>H</site><line>-9</line><totline>44.5</totline></team></game>
<game info="NFC Divisional Playoff"><team tnum="1"><name>Green Bay Packers</name><score>31</score><site>V</site><line>3</line><totline>45.5</totline></team>
<team tnum="2"><name>San Francisco 49ers</name><score>45</score><site>H</site><line>-3</line><totline>45.5</totline></team></game>
</date>
<date day="2013-01-13">
<game info="NFC Divisional Playoff"><team tnum="1"><name>Seattle Seahawks</name><score>28</score><site>V</site><line>3</line><totline>47</totline></team>
<team tnum="2"><name>Atlanta Falcons</name><score>30</score><site>H</site><line>-3</line><totline>47</totline></team></game>
<game info="AFC Divisional Playoff"><team tnum="1"><name>Houston Texans</name><score>28</score><site>V</site><line>9.5</line><totline>51</totline></team>
<team tnum="2"><name>New England Patriots</name><score>41</score><site>H</site><line>-9.5</line><totline>51</totline></team></game>
</date>
<date day="2013-01-20">
<game info="NFC Championship"><team tnum="1"><name>San Francisco 49ers</name><score>28</score><site>V</site><line>-4.5</line><totline>49</totline></team>
<team tnum="2"><name>Atlanta Falcons</name><score>24</score><site>H</site><line>4.5</line><totline>49</totline></team></game>
<game info="AFC Championship"><team tnum="1"><name>Baltimore Ravens</name><score>28</score><site>V</site><line>7.5</line><totline>51.5</totline></team>
<team tnum="2"><name>New England Patriots</name><score>13</score><site>H</site><line>-7.5</line><totline>51.5</totline></team></game>
</date>
<date day="2013-02-03">
<game info="Super Bowl XLVII"><team tnum="1"><name>Baltimore Ravens</name><score>34</score><line>4.5</line><totline>48</totline></team>
<team tnum="2"><name>San Francisco 49ers</name><score>31</score><line>-4.5</line><totline>48</totline></team></game>
</date>
</scores>
