<?xml version="1.0" encoding="UTF-8"?> 
<scores>
<league>NFL</league><year>2004</year><season>Playoffs</season>
<date day="2005-01-08">
<game info="NFC Wild Card"> 
<team tnum="1"><name>St Louis Rams</name><score>27</score><site>V</site><line>4</line></team>
<team tnum="2"><name>Seattle Seahawks</name><score>20</score><site>H</site><line>-4</line></team>
</game>
<game info="AFC Wild Card"> 
<team tnum="1"><name>New York Jets</name><score>20</score><site>V</site><line>6.5</line></team>
<team tnum="2"><name>San Diego Chargers</name><score>17</score><site>H</site><line>-6.5</line></team>
</game>
</date>
<date day="2005-01-09">
<game info="AFC Wild Card"> 
<team tnum="1"><name>Denver Broncos</name><score>24</score><site>V</site><line>10</line></team>
<team tnum="2"><name>Indianapolis Colts</name><score>49</score><site>H</site><line>-10</line></team>
</game>
<game info="NFC Wild Card"> 
<team tnum="1"><name>Minnesota Vikings</name><score>31</score><site>V</site><line>6</line></team>
<team tnum="2"><name>Green Bay Packers</name><score>17</score><site>H</site><line>-6</line></team>
</game>
</date>
<date day="2005-01-15">
<game info="AFC Divisional Playoff"> 
<team tnum="1"><name>New York Jets</name><score>17</score><site>V</site><line>9</line></team>
<team tnum="2"><name>Pittsburgh Steelers</name><score>20</score><site>H</site><line>-9</line></team>
</game>
<game info="NFC Divisional Playoff"> 
<team tnum="1"><name>St Louis Rams</name><score>17</score><site>V</site><line>6.5</line></team>
<team tnum="2"><name>Atlanta Falcons</name><score>47</score><site>H</site><line>-6.5</line></team>
</game>
</date>
<date day="2005-01-16">
<game info="NFC Divisional Playoff"> 
<team tnum="1"><name>Minnesota Vikings</name><score>14</score><site>V</site><line>8</line></team>
<team tnum="2"><name>Philadelphia Eagles</name><score>27</score><site>H</site><line>-8</line></team>
</game>
<game info="AFC Divisional Playoff"> 
<team tnum="1"><name>Indianapolis Colts</name><score>3</score><site>V</site><line>1</line></team>
<team tnum="2"><name>New England Patriots</name><score>20</score><site>H</site><line>-1</line></team>
</game>
</date>
<date day="2005-01-23">
<game info="NFC Championship"> 
<team tnum="1"><name>Atlanta Falcons</name><score>10</score><site>V</site><line>6</line></team>
<team tnum="2"><name>Philadelphia Eagles</name><score>27</score><site>H</site><line>-6</line></team>
</game>
<game info="AFC Championship"> 
<team tnum="1"><name>New England Patriots</name><score>41</score><site>V</site><line>-3</line></team>
<team tnum="2"><name>Pittsburgh Steelers</name><score>27</score><site>H</site><line>3</line></team>
</game>
</date>
<date day="2005-02-06">
<game info="Super Bowl XXXIX"> 
<team tnum="1"><name>New England Patriots</name><score>24</score><line>-7</line></team>
<team tnum="2"><name>Philadelphia Eagles</name><score>21</score><line>7</line></team>
</game>
</date>
</scores>
