<?xml version="1.0" encoding="UTF-8"?> 
<scores>
<league>NFL</league><year>1980</year><season>Playoffs</season>
<date day="1980-12-28">
<game info="AFC Wild Card"> 
<team tnum="1"><name>Houston Oilers</name><score>7</score><site>V</site><line>-1</line></team>
<team tnum="2"><name>Oakland Raiders</name><score>27</score><site>H</site><line>1</line></team>
</game>
<game info="NFC Wild Card"> 
<team tnum="1"><name>Los Angeles Rams</name><score>13</score><site>V</site><line>3</line></team>
<team tnum="2"><name>Dallas Cowboys</name><score>34</score><site>H</site><line>-3</line></team>
</game>
</date>
<date day="1981-01-03">
<game info="AFC Divisional Playoff"> 
<team tnum="1"><name>Buffalo Bills</name><score>14</score><site>V</site><line>6</line></team>
<team tnum="2"><name>San Diego Chargers</name><score>20</score><site>H</site><line>-6</line></team>
</game>
<game info="NFC Divisional Playoff"> 
<team tnum="1"><name>Minnesota Vikings</name><score>16</score><site>V</site><line>7</line></team>
<team tnum="2"><name>Philadelphia Eagles</name><score>31</score><site>H</site><line>-7</line></team>
</game>
</date>
<date day="1981-01-04">
<game info="NFC Divisional Playoff"> 
<team tnum="1"><name>Dallas Cowboys</name><score>30</score><site>V</site><line>2.5</line></team>
<team tnum="2"><name>Atlanta Falcons</name><score>27</score><site>H</site><line>-2.5</line></team>
</game>
<game info="AFC Divisional Playoff"> 
<team tnum="1"><name>Oakland Raiders</name><score>14</score><site>V</site><line>3.5</line></team>
<team tnum="2"><name>Cleveland Browns</name><score>12</score><site>H</site><line>-3.5</line></team>
</game>
</date>
<date day="1981-01-11">
<game info="NFC Championship"> 
<team tnum="1"><name>Dallas Cowboys</name><score>7</score><site>V</site><line>-1</line></team>
<team tnum="2"><name>Philadelphia Eagles</name><score>20</score><site>H</site><line>1</line></team>
</game>
<game info="AFC Championship"> 
<team tnum="1"><name>Oakland Raiders</name><score>34</score><site>V</site><line>4</line></team>
<team tnum="2"><name>San Diego Chargers</name><score>27</score><site>H</site><line>-4</line></team>
</game>
</date>
<date day="1981-01-25">
<game info="Super Bowl XV"> 
<team tnum="1"><name>Philadelphia Eagles</name><score>10</score><line>-3</line></team>
<team tnum="2"><name>Oakland Raiders</name><score>27</score><line>3</line></team>
</game>
</date>
</scores>
