<?xml version="1.0" encoding="UTF-8"?> 
<scores>
<year>2009</year><league>NFL</league><season>Playoffs</season>
<date day="2010-01-09">
<game info="AFC Wild Card"><team tnum="1"><name>New York Jets</name><score>24</score><site>V</site><line>2.5</line><totline>34.5</totline></team>
<team tnum="2"><name>Cincinnati Bengals</name><score>14</score><site>H</site><line>-2.5</line><totline>34.5</totline></team></game>
<game info="NFC Wild Card"><team tnum="1"><name>Philadelphia Eagles</name><score>14</score><site>V</site><line>3.5</line><totline>46</totline></team>
<team tnum="2"><name>Dallas Cowboys</name><score>34</score><site>H</site><line>-3.5</line><totline>46</totline></team></game>
</date>
<date day="2010-01-10">
<game info="AFC Wild Card"><team tnum="1"><name>Baltimore Ravens</name><score>33</score><site>V</site><line>4</line><totline>44</totline></team>
<team tnum="2"><name>New England Patriots</name><score>14</score><site>H</site><line>-4</line><totline>44</totline></team></game>
<game info="NFC Wild Card"><team tnum="1"><name>Green Bay Packers</name><score>45</score><site>V</site><line>-2.5</line><totline>48</totline></team>
<team tnum="2"><name>Arizona Cardinals</name><score>51</score><site>H</site><line>2.5</line><totline>48</totline></team></game>
</date>
<date day="2010-01-16">
<game info="NFC Divisional Playoff"><team tnum="1"><name>Arizona Cardinals</name><score>14</score><site>V</site><line>7</line><totline>57</totline></team>
<team tnum="2"><name>New Orleans Saints</name><score>45</score><site>H</site><line>-7</line><totline>57</totline></team></game>
<game info="AFC Divisional Playoff"><team tnum="1"><name>Baltimore Ravens</name><score>3</score><site>V</site><line>6.5</line><totline>44</totline></team>
<team tnum="2"><name>Indianapolis Colts</name><score>20</score><site>H</site><line>-6.5</line><totline>44</totline></team></game>
</date>
<date day="2010-01-17">
<game info="NFC Divisional Playoff"><team tnum="1"><name>Dallas Cowboys</name><score>3</score><site>V</site><line>2.5</line><totline>45</totline></team>
<team tnum="2"><name>Minnesota Vikings</name><score>34</score><site>H</site><line>-2.5</line><totline>45</totline></team></game>
<game info="AFC Divisional Playoff"><team tnum="1"><name>New York Jets</name><score>17</score><site>V</site><line>9</line><totline>42.5</totline></team>
<team tnum="2"><name>San Diego Chargers</name><score>14</score><site>H</site><line>-9</line><totline>42.5</totline></team></game>
</date>
<date day="2010-01-24">
<game info="AFC Championship"><team tnum="1"><name>New York Jets</name><score>17</score><site>V</site><line>8.5</line><totline>40.5</totline></team>
<team tnum="2"><name>Indianapolis Colts</name><score>30</score><site>H</site><line>-8.5</line><totline>40.5</totline></team></game>
<game info="NFC Championship"><team tnum="1"><name>Minnesota Vikings</name><score>28</score><site>V</site><line>3.5</line><totline>54</totline></team>
<team tnum="2"><name>New Orleans Saints</name><score>31</score><site>H</site><line>-3.5</line><totline>54</totline></team></game>
</date>
<date day="2010-02-07">
<game info="Super Bowl XLIV"><team tnum="1"><name>New Orleans Saints</name><score>31</score><line>4.5</line><totline>56.5</totline></team>
<team tnum="2"><name>Indianapolis Colts</name><score>17</score><line>-4.5</line><totline>56.5</totline></team></game>
</date>
</scores>
