<?xml version="1.0" encoding="UTF-8"?> 
<scores>
<league>NFL</league><year>1992</year><season>Playoffs</season>
<date day="1993-01-02">
<game info="AFC Wild Card"> 
<team tnum="1"><name>Kansas City Chiefs</name><score>0</score><site>V</site><line>3</line></team>
<team tnum="2"><name>San Diego Chargers</name><score>17</score><site>H</site><line>-3</line></team>
</game>
<game info="NFC Wild Card"> 
<team tnum="1"><name>Washington Redskins</name><score>24</score><site>V</site><line>3.5</line></team>
<team tnum="2"><name>Minnesota Vikings</name><score>7</score><site>H</site><line>-3.5</line></team>
</game>
</date>
<date day="1993-01-03">
<game info="AFC Wild Card"> 
<team tnum="1"><name>Houston Oilers</name><score>38</score><site>V</site><line>2</line></team>
<team tnum="2"><name>Buffalo Bills</name><score>41</score><site>H</site><line>-2</line></team>
</game>
<game info="NFC Wild Card"> 
<team tnum="1"><name>Philadelphia Eagles</name><score>36</score><site>V</site><line>3.5</line></team>
<team tnum="2"><name>New Orleans Saints</name><score>20</score><site>H</site><line>-3.5</line></team>
</game>
</date>
<date day="1993-01-09">
<game info="AFC Divisional Playoff"> 
<team tnum="1"><name>Buffalo Bills</name><score>24</score><site>V</site><line>2</line></team>
<team tnum="2"><name>Pittsburgh Steelers</name><score>3</score><site>H</site><line>-2</line></team>
</game>
<game info="NFC Divisional Playoff"> 
<team tnum="1"><name>Washington Redskins</name><score>13</score><site>V</site><line>9.5</line></team>
<team tnum="2"><name>San Francisco 49ers</name><score>20</score><site>H</site><line>-9.5</line></team>
</game>
</date>
<date day="1993-01-10">
<game info="NFC Divisional Playoff"> 
<team tnum="1"><name>Philadelphia Eagles</name><score>10</score><site>V</site><line>6.5</line></team>
<team tnum="2"><name>Dallas Cowboys</name><score>34</score><site>H</site><line>-6.5</line></team>
</game>
<game info="AFC Divisional Playoff"> 
<team tnum="1"><name>San Diego Chargers</name><score>0</score><site>V</site><line>2</line></team>
<team tnum="2"><name>Miami Dolphins</name><score>31</score><site>H</site><line>-2</line></team>
</game>
</date>
<date day="1993-01-17">
<game info="AFC Championship"> 
<team tnum="1"><name>Buffalo Bills</name><score>29</score><site>V</site><line>-2.5</line></team>
<team tnum="2"><name>Miami Dolphins</name><score>10</score><site>H</site><line>2.5</line></team>
</game>
<game info="NFC Championship"> 
<team tnum="1"><name>Dallas Cowboys</name><score>30</score><site>V</site><line>4</line></team>
<team tnum="2"><name>San Francisco 49ers</name><score>20</score><site>H</site><line>-4</line></team>
</game>
</date>
<date day="1993-01-31">
<game info="Super Bowl XXVII"> 
<team tnum="1"><name>Buffalo Bills</name><score>17</score><line>6.5</line></team>
<team tnum="2"><name>Dallas Cowboys</name><score>52</score><line>-6.5</line></team>
</game>
</date>
</scores>
