<?xml version="1.0" encoding="UTF-8"?> 
<scores>
<league>NFL</league><year>1994</year><season>Playoffs</season>
<date day="1994-12-31">
<game info="NFC Wild Card"> 
<team tnum="1"><name>Detroit Lions</name><score>12</score><site>V</site><line>4.5</line></team>
<team tnum="2"><name>Green Bay Packers</name><score>16</score><site>H</site><line>-4.5</line></team>
</game>
<game info="AFC Wild Card"> 
<team tnum="1"><name>Kansas City Chiefs</name><score>17</score><site>V</site><line>3</line></team>
<team tnum="2"><name>Miami Dolphins</name><score>27</score><site>H</site><line>-3</line></team>
</game>
</date>
<date day="1995-01-01">
<game info="NFC Wild Card"> 
<team tnum="1"><name>Chicago Bears</name><score>35</score><site>V</site><line>6</line></team>
<team tnum="2"><name>Minnesota Vikings</name><score>18</score><site>H</site><line>-6</line></team>
</game>
<game info="AFC Wild Card"> 
<team tnum="1"><name>New England Patriots</name><score>13</score><site>V</site><line>3</line></team>
<team tnum="2"><name>Cleveland Browns</name><score>20</score><site>H</site><line>-3</line></team>
</game>
</date>
<date day="1995-01-07">
<game info="NFC Divisional Playoff"> 
<team tnum="1"><name>Chicago Bears</name><score>15</score><site>V</site><line>15.5</line></team>
<team tnum="2"><name>San Francisco 49ers</name><score>44</score><site>H</site><line>-15.5</line></team>
</game>
<game info="AFC Divisional Playoff"> 
<team tnum="1"><name>Cleveland Browns</name><score>9</score><site>V</site><line>3.5</line></team>
<team tnum="2"><name>Pittsburgh Steelers</name><score>29</score><site>H</site><line>-3.5</line></team>
</game>
</date>
<date day="1995-01-08">
<game info="NFC Divisional Playoff"> 
<team tnum="1"><name>Green Bay Packers</name><score>9</score><site>V</site><line>10</line></team>
<team tnum="2"><name>Dallas Cowboys</name><score>35</score><site>H</site><line>-10</line></team>
</game>
<game info="AFC Divisional Playoff"> 
<team tnum="1"><name>Miami Dolphins</name><score>21</score><site>V</site><line>3</line></team>
<team tnum="2"><name>San Diego Chargers</name><score>22</score><site>H</site><line>-3</line></team>
</game>
</date>
<date day="1995-01-15">
<game info="NFC Championship"> 
<team tnum="1"><name>Dallas Cowboys</name><score>28</score><site>V</site><line>7</line></team>
<team tnum="2"><name>San Francisco 49ers</name><score>38</score><site>H</site><line>-7</line></team>
</game>
<game info="AFC Championship"> 
<team tnum="1"><name>San Diego Chargers</name><score>17</score><site>V</site><line>6</line></team>
<team tnum="2"><name>Pittsburgh Steelers</name><score>13</score><site>H</site><line>-6</line></team>
</game>
</date>
<date day="1995-01-29">
<game info="Super Bowl XXIX"> 
<team tnum="1"><name>San Diego Chargers</name><score>26</score><line>19</line></team>
<team tnum="2"><name>San Francisco 49ers</name><score>49</score><line>-19</line></team>
</game>
</date>
</scores>
