<?xml version="1.0" encoding="UTF-8"?> 
<scores>
<league>NFL</league><year>1990</year><season>Playoffs</season>
<date day="1991-01-05">
<game info="AFC Wild Card"> 
<team tnum="1"><name>Kansas City Chiefs</name><score>16</score><site>V</site><line>2.5</line></team>
<team tnum="2"><name>Miami Dolphins</name><score>17</score><site>H</site><line>-2.5</line></team>
</game>
<game info="NFC Wild Card"> 
<team tnum="1"><name>Washington Redskins</name><score>20</score><site>V</site><line>4.5</line></team>
<team tnum="2"><name>Philadelphia Eagles</name><score>6</score><site>H</site><line>-4.5</line></team>
</game>
</date>
<date day="1991-01-06">
<game info="AFC Wild Card"> 
<team tnum="1"><name>Houston Oilers</name><score>14</score><site>V</site><line>3.5</line></team>
<team tnum="2"><name>Cincinnati Bengals</name><score>41</score><site>H</site><line>-3.5</line></team>
</game>
<game info="NFC Wild Card"> 
<team tnum="1"><name>New Orleans Saints</name><score>6</score><site>V</site><line>6.5</line></team>
<team tnum="2"><name>Chicago Bears</name><score>16</score><site>H</site><line>-6.5</line></team>
</game>
</date>
<date day="1991-01-12">
<game info="AFC Divisional Playoff"> 
<team tnum="1"><name>Miami Dolphins</name><score>34</score><site>V</site><line>7</line></team>
<team tnum="2"><name>Buffalo Bills</name><score>44</score><site>H</site><line>-7</line></team>
</game>
<game info="NFC Divisional Playoff"> 
<team tnum="1"><name>Washington Redskins</name><score>10</score><site>V</site><line>8</line></team>
<team tnum="2"><name>San Francisco 49ers</name><score>28</score><site>H</site><line>-8</line></team>
</game>
</date>
<date day="1991-01-13">
<game info="NFC Divisional Playoff"> 
<team tnum="1"><name>Chicago Bears</name><score>3</score><site>V</site><line>7</line></team>
<team tnum="2"><name>New York Giants</name><score>31</score><site>H</site><line>-7</line></team>
</game>
<game info="AFC Divisional Playoff"> 
<team tnum="1"><name>Cincinnati Bengals</name><score>10</score><site>V</site><line>6</line></team>
<team tnum="2"><name>Los Angeles Raiders</name><score>20</score><site>H</site><line>-6</line></team>
</game>
</date>
<date day="1991-01-20">
<game info="NFC Championship"> 
<team tnum="1"><name>New York Giants</name><score>15</score><site>V</site><line>8</line></team>
<team tnum="2"><name>San Francisco 49ers</name><score>13</score><site>H</site><line>-8</line></team>
</game>
<game info="AFC Championship"> 
<team tnum="1"><name>Los Angeles Raiders</name><score>3</score><site>V</site><line>7</line></team>
<team tnum="2"><name>Buffalo Bills</name><score>51</score><site>H</site><line>-7</line></team>
</game>
</date>
<date day="1991-01-27">
<game info="Super Bowl XXV"> 
<team tnum="1"><name>New York Giants</name><score>20</score><line>6.5</line></team>
<team tnum="2"><name>Buffalo Bills</name><score>19</score><line>-6.5</line></team>
</game>
</date>
</scores>
