<?xml version="1.0" encoding="UTF-8"?> 
<scores>
<league>NFL</league><year>1984</year><season>Playoffs</season>
<date day="1984-12-22">
<game info="AFC Wild Card"> 
<team tnum="1"><name>Los Angeles Raiders</name><score>7</score><site>V</site><line>-1.5</line></team>
<team tnum="2"><name>Seattle Seahawks</name><score>13</score><site>H</site><line>1.5</line></team>
</game>
</date>
<date day="1984-12-23">
<game info="NFC Wild Card"> 
<team tnum="1"><name>New York Giants</name><score>16</score><site>V</site><line>4.5</line></team>
<team tnum="2"><name>Los Angeles Rams</name><score>13</score><site>H</site><line>-4.5</line></team>
</game>
</date>
<date day="1984-12-29">
<game info="NFC Divisional Playoff"> 
<team tnum="1"><name>New York Giants</name><score>10</score><site>V</site><line>12</line></team>
<team tnum="2"><name>San Francisco 49ers</name><score>21</score><site>H</site><line>-12</line></team>
</game>
<game info="AFC Divisional Playoff"> 
<team tnum="1"><name>Seattle Seahawks</name><score>10</score><site>V</site><line>5.5</line></team>
<team tnum="2"><name>Miami Dolphins</name><score>31</score><site>H</site><line>-5.5</line></team>
</game>
</date>
<date day="1984-12-30">
<game info="NFC Divisional Playoff"> 
<team tnum="1"><name>Chicago Bears</name><score>23</score><site>V</site><line>9</line></team>
<team tnum="2"><name>Washington Redskins</name><score>19</score><site>H</site><line>-9</line></team>
</game>
<game info="AFC Divisional Playoff"> 
<team tnum="1"><name>Pittsburgh Steelers</name><score>24</score><site>V</site><line>4.5</line></team>
<team tnum="2"><name>Denver Broncos</name><score>17</score><site>H</site><line>-4.5</line></team>
</game>
</date>
<date day="1985-01-06">
<game info="NFC Championship"> 
<team tnum="1"><name>Chicago Bears</name><score>0</score><site>V</site><line>10</line></team>
<team tnum="2"><name>San Francisco 49ers</name><score>23</score><site>H</site><line>-10</line></team>
</game>
<game info="AFC Championship"> 
<team tnum="1"><name>Pittsburgh Steelers</name><score>28</score><site>V</site><line>10</line></team>
<team tnum="2"><name>Miami Dolphins</name><score>45</score><site>H</site><line>-10</line></team>
</game>
</date>
<date day="1985-01-20">
<game info="Super Bowl XIX"> 
<team tnum="1"><name>Miami Dolphins</name><score>16</score><line>3</line></team>
<team tnum="2"><name>San Francisco 49ers</name><score>38</score><line>-3</line></team>
</game>
</date>
</scores>
