<?xml version="1.0" encoding="UTF-8"?> 
<scores>
<league>NFL</league><year>1999</year><season>Regular Season</season>
<date day="1999-09-12">
<game>
<team tnum="1"><name>Arizona Cardinals</name><score>25</score><site>V</site><line>-3</line></team>
<team tnum="2"><name>Philadelphia Eagles</name><score>24</score><site>H</site><line>3</line></team>
</game>
<game>
<team tnum="1"><name>Baltimore Ravens</name><score>10</score><site>V</site><line>0</line></team>
<team tnum="2"><name>St Louis Rams</name><score>27</score><site>H</site><line>0</line></team>
</game>
<game>
<team tnum="1"><name>Buffalo Bills</name><score>14</score><site>V</site><line>-3</line></team>
<team tnum="2"><name>Indianapolis Colts</name><score>31</score><site>H</site><line>3</line></team>
</game>
<game>
<team tnum="1"><name>Carolina Panthers</name><score>10</score><site>V</site><line>3.5</line></team>
<team tnum="2"><name>New Orleans Saints</name><score>19</score><site>H</site><line>-3.5</line></team>
</game>
<game>
<team tnum="1"><name>Cincinnati Bengals</name><score>35</score><site>V</site><line>9</line></team>
<team tnum="2"><name>Tennessee Titans</name><score>36</score><site>H</site><line>-9</line></team>
</game>
<game>
<team tnum="1"><name>Dallas Cowboys</name><score>41</score><site>V</site><line>2.5</line></team>
<team tnum="2"><name>Washington Redskins</name><score>35</score><site>H</site><line>-2.5</line></team>
</game>
<game>
<team tnum="1"><name>Kansas City Chiefs</name><score>17</score><site>V</site><line>-3</line></team>
<team tnum="2"><name>Chicago Bears</name><score>20</score><site>H</site><line>3</line></team>
</game>
<game>
<team tnum="1"><name>New England Patriots</name><score>30</score><site>V</site><line>7</line></team>
<team tnum="2"><name>New York Jets</name><score>28</score><site>H</site><line>-7</line></team>
</game>
<game>
<team tnum="1"><name>Oakland Raiders</name><score>24</score><site>V</site><line>9</line></team>
<team tnum="2"><name>Green Bay Packers</name><score>28</score><site>H</site><line>-9</line></team>
</game>
<game>
<team tnum="1"><name>Detroit Lions</name><score>28</score><site>V</site><line>9.5</line></team>
<team tnum="2"><name>Seattle Seahawks</name><score>20</score><site>H</site><line>-9.5</line></team>
</game>
<game>
<team tnum="1"><name>Minnesota Vikings</name><score>17</score><site>V</site><line>-4</line></team>
<team tnum="2"><name>Atlanta Falcons</name><score>14</score><site>H</site><line>4</line></team>
</game>
<game>
<team tnum="1"><name>New York Giants</name><score>17</score><site>V</site><line>5.5</line></team>
<team tnum="2"><name>Tampa Bay Buccaneers</name><score>13</score><site>H</site><line>-5.5</line></team>
</game>
<game>
<team tnum="1"><name>San Francisco 49ers</name><score>3</score><site>V</site><line>5.5</line></team>
<team tnum="2"><name>Jacksonville Jaguars</name><score>41</score><site>H</site><line>-5.5</line></team>
</game>
<game>
<team tnum="1"><name>Pittsburgh Steelers</name><score>43</score><site>V</site><line>-6</line></team>
<team tnum="2"><name>Cleveland Browns</name><score>0</score><site>H</site><line>6</line></team>
</game>
</date>
<date day="1999-09-13">
<game>
<team tnum="1"><name>Miami Dolphins</name><score>38</score><site>V</site><line>6</line></team>
<team tnum="2"><name>Denver Broncos</name><score>21</score><site>H</site><line>-6</line></team>
</game>
</date>
<date day="1999-09-19">
<game>
<team tnum="1"><name>Arizona Cardinals</name><score>16</score><site>V</site><line>9</line></team>
<team tnum="2"><name>Miami Dolphins</name><score>19</score><site>H</site><line>-9</line></team>
</game>
<game>
<team tnum="1"><name>Green Bay Packers</name><score>15</score><site>V</site><line>-6.5</line></team>
<team tnum="2"><name>Detroit Lions</name><score>23</score><site>H</site><line>6.5</line></team>
</game>
<game>
<team tnum="1"><name>Indianapolis Colts</name><score>28</score><site>V</site><line>4.5</line></team>
<team tnum="2"><name>New England Patriots</name><score>31</score><site>H</site><line>-4.5</line></team>
</game>
<game>
<team tnum="1"><name>Jacksonville Jaguars</name><score>22</score><site>V</site><line>-9.5</line></team>
<team tnum="2"><name>Carolina Panthers</name><score>20</score><site>H</site><line>9.5</line></team>
</game>
<game>
<team tnum="1"><name>Oakland Raiders</name><score>22</score><site>V</site><line>11</line></team>
<team tnum="2"><name>Minnesota Vikings</name><score>17</score><site>H</site><line>-11</line></team>
</game>
<game>
<team tnum="1"><name>Pittsburgh Steelers</name><score>23</score><site>V</site><line>-2.5</line></team>
<team tnum="2"><name>Baltimore Ravens</name><score>20</score><site>H</site><line>2.5</line></team>
</game>
<game>
<team tnum="1"><name>San Diego Chargers</name><score>34</score><site>V</site><line>1</line></team>
<team tnum="2"><name>Cincinnati Bengals</name><score>7</score><site>H</site><line>-1</line></team>
</game>
<game>
<team tnum="1"><name>Seattle Seahawks</name><score>14</score><site>V</site><line>-3.5</line></team>
<team tnum="2"><name>Chicago Bears</name><score>13</score><site>H</site><line>3.5</line></team>
</game>
<game>
<team tnum="1"><name>Tampa Bay Buccaneers</name><score>19</score><site>V</site><line>-6.5</line></team>
<team tnum="2"><name>Philadelphia Eagles</name><score>5</score><site>H</site><line>6.5</line></team>
</game>
<game>
<team tnum="1"><name>Washington Redskins</name><score>50</score><site>V</site><line>2.5</line></team>
<team tnum="2"><name>New York Giants</name><score>21</score><site>H</site><line>-2.5</line></team>
</game>
<game>
<team tnum="1"><name>New Orleans Saints</name><score>21</score><site>V</site><line>11</line></team>
<team tnum="2"><name>San Francisco 49ers</name><score>28</score><site>H</site><line>-11</line></team>
</game>
<game>
<team tnum="1"><name>Cleveland Browns</name><score>9</score><site>V</site><line>16</line></team>
<team tnum="2"><name>Tennessee Titans</name><score>26</score><site>H</site><line>-16</line></team>
</game>
<game>
<team tnum="1"><name>Denver Broncos</name><score>10</score><site>V</site><line>-3.5</line></team>
<team tnum="2"><name>Kansas City Chiefs</name><score>26</score><site>H</site><line>3.5</line></team>
</game>
<game>
<team tnum="1"><name>New York Jets</name><score>3</score><site>V</site><line>4</line></team>
<team tnum="2"><name>Buffalo Bills</name><score>17</score><site>H</site><line>-4</line></team>
</game>
</date>
<date day="1999-09-20">
<game>
<team tnum="1"><name>Atlanta Falcons</name><score>7</score><site>V</site><line>6.5</line></team>
<team tnum="2"><name>Dallas Cowboys</name><score>24</score><site>H</site><line>-6.5</line></team>
</game>
</date>
<date day="1999-09-26">
<game>
<team tnum="1"><name>Atlanta Falcons</name><score>7</score><site>V</site><line>-1.5</line></team>
<team tnum="2"><name>St Louis Rams</name><score>35</score><site>H</site><line>1.5</line></team>
</game>
<game>
<team tnum="1"><name>Cincinnati Bengals</name><score>3</score><site>V</site><line>7</line></team>
<team tnum="2"><name>Carolina Panthers</name><score>27</score><site>H</site><line>-7</line></team>
</game>
<game>
<team tnum="1"><name>Cleveland Browns</name><score>10</score><site>V</site><line>12</line></team>
<team tnum="2"><name>Baltimore Ravens</name><score>17</score><site>H</site><line>-12</line></team>
</game>
<game>
<team tnum="1"><name>Denver Broncos</name><score>10</score><site>V</site><line>2.5</line></team>
<team tnum="2"><name>Tampa Bay Buccaneers</name><score>13</score><site>H</site><line>-2.5</line></team>
</game>
<game>
<team tnum="1"><name>Detroit Lions</name><score>21</score><site>V</site><line>3.5</line></team>
<team tnum="2"><name>Kansas City Chiefs</name><score>31</score><site>H</site><line>-3.5</line></team>
</game>
<game>
<team tnum="1"><name>Philadelphia Eagles</name><score>0</score><site>V</site><line>11.5</line></team>
<team tnum="2"><name>Buffalo Bills</name><score>26</score><site>H</site><line>-11.5</line></team>
</game>
<game>
<team tnum="1"><name>Seattle Seahawks</name><score>29</score><site>V</site><line>4</line></team>
<team tnum="2"><name>Pittsburgh Steelers</name><score>10</score><site>H</site><line>-4</line></team>
</game>
<game>
<team tnum="1"><name>Washington Redskins</name><score>27</score><site>V</site><line>-1</line></team>
<team tnum="2"><name>New York Jets</name><score>20</score><site>H</site><line>1</line></team>
</game>
<game>
<team tnum="1"><name>Indianapolis Colts</name><score>27</score><site>V</site><line>-1</line></team>
<team tnum="2"><name>San Diego Chargers</name><score>19</score><site>H</site><line>1</line></team>
</game>
<game>
<team tnum="1"><name>Tennessee Titans</name><score>20</score><site>V</site><line>9.5</line></team>
<team tnum="2"><name>Jacksonville Jaguars</name><score>19</score><site>H</site><line>-9.5</line></team>
</game>
<game>
<team tnum="1"><name>Chicago Bears</name><score>17</score><site>V</site><line>7</line></team>
<team tnum="2"><name>Oakland Raiders</name><score>24</score><site>H</site><line>-7</line></team>
</game>
<game>
<team tnum="1"><name>Minnesota Vikings</name><score>20</score><site>V</site><line>0</line></team>
<team tnum="2"><name>Green Bay Packers</name><score>23</score><site>H</site><line>0</line></team>
</game>
<game>
<team tnum="1"><name>New York Giants</name><score>14</score><site>V</site><line>6</line></team>
<team tnum="2"><name>New England Patriots</name><score>16</score><site>H</site><line>-6</line></team>
</game>
</date>
<date day="1999-09-27">
<game>
<team tnum="1"><name>San Francisco 49ers</name><score>24</score><site>V</site><line>-2.5</line></team>
<team tnum="2"><name>Arizona Cardinals</name><score>10</score><site>H</site><line>2.5</line></team>
</game>
</date>
<date day="1999-10-03">
<game>
<team tnum="1"><name>Arizona Cardinals</name><score>7</score><site>V</site><line>7</line></team>
<team tnum="2"><name>Dallas Cowboys</name><score>35</score><site>H</site><line>-7</line></team>
</game>
<game>
<team tnum="1"><name>Baltimore Ravens</name><score>19</score><site>V</site><line>2.5</line></team>
<team tnum="2"><name>Atlanta Falcons</name><score>13</score><site>H</site><line>-2.5</line></team>
</game>
<game>
<team tnum="1"><name>Jacksonville Jaguars</name><score>17</score><site>V</site><line>-3</line></team>
<team tnum="2"><name>Pittsburgh Steelers</name><score>3</score><site>H</site><line>3</line></team>
</game>
<game>
<team tnum="1"><name>New England Patriots</name><score>19</score><site>V</site><line>-12</line></team>
<team tnum="2"><name>Cleveland Browns</name><score>7</score><site>H</site><line>12</line></team>
</game>
<game>
<team tnum="1"><name>New Orleans Saints</name><score>10</score><site>V</site><line>-1</line></team>
<team tnum="2"><name>Chicago Bears</name><score>14</score><site>H</site><line>1</line></team>
</game>
<game>
<team tnum="1"><name>Philadelphia Eagles</name><score>15</score><site>V</site><line>9.5</line></team>
<team tnum="2"><name>New York Giants</name><score>16</score><site>H</site><line>-9.5</line></team>
</game>
<game>
<team tnum="1"><name>St Louis Rams</name><score>38</score><site>V</site><line>-3.5</line></team>
<team tnum="2"><name>Cincinnati Bengals</name><score>10</score><site>H</site><line>3.5</line></team>
</game>
<game>
<team tnum="1"><name>Tampa Bay Buccaneers</name><score>14</score><site>V</site><line>7</line></team>
<team tnum="2"><name>Minnesota Vikings</name><score>21</score><site>H</site><line>-7</line></team>
</game>
<game>
<team tnum="1"><name>Carolina Panthers</name><score>36</score><site>V</site><line>8.5</line></team>
<team tnum="2"><name>Washington Redskins</name><score>38</score><site>H</site><line>-8.5</line></team>
</game>
<game>
<team tnum="1"><name>New York Jets</name><score>21</score><site>V</site><line>5.5</line></team>
<team tnum="2"><name>Denver Broncos</name><score>13</score><site>H</site><line>-5.5</line></team>
</game>
<game>
<team tnum="1"><name>Kansas City Chiefs</name><score>14</score><site>V</site><line>1</line></team>
<team tnum="2"><name>San Diego Chargers</name><score>21</score><site>H</site><line>-1</line></team>
</game>
<game>
<team tnum="1"><name>Tennessee Titans</name><score>22</score><site>V</site><line>1.5</line></team>
<team tnum="2"><name>San Francisco 49ers</name><score>24</score><site>H</site><line>-1.5</line></team>
</game>
<game>
<team tnum="1"><name>Oakland Raiders</name><score>21</score><site>V</site><line>3.5</line></team>
<team tnum="2"><name>Seattle Seahawks</name><score>22</score><site>H</site><line>-3.5</line></team>
</game>
</date>
<date day="1999-10-04">
<game>
<team tnum="1"><name>Buffalo Bills</name><score>23</score><site>V</site><line>4.5</line></team>
<team tnum="2"><name>Miami Dolphins</name><score>18</score><site>H</site><line>-4.5</line></team>
</game>
</date>
<date day="1999-10-10">
<game>
<team tnum="1"><name>Atlanta Falcons</name><score>20</score><site>V</site><line>3</line></team>
<team tnum="2"><name>New Orleans Saints</name><score>17</score><site>H</site><line>-3</line></team>
</game>
<game>
<team tnum="1"><name>Chicago Bears</name><score>24</score><site>V</site><line>13</line></team>
<team tnum="2"><name>Minnesota Vikings</name><score>22</score><site>H</site><line>-13</line></team>
</game>
<game>
<team tnum="1"><name>Cincinnati Bengals</name><score>18</score><site>V</site><line>-3</line></team>
<team tnum="2"><name>Cleveland Browns</name><score>17</score><site>H</site><line>3</line></team>
</game>
<game>
<team tnum="1"><name>Dallas Cowboys</name><score>10</score><site>V</site><line>-9.5</line></team>
<team tnum="2"><name>Philadelphia Eagles</name><score>13</score><site>H</site><line>9.5</line></team>
</game>
<game>
<team tnum="1"><name>New England Patriots</name><score>14</score><site>V</site><line>2.5</line></team>
<team tnum="2"><name>Kansas City Chiefs</name><score>16</score><site>H</site><line>-2.5</line></team>
</game>
<game>
<team tnum="1"><name>Pittsburgh Steelers</name><score>21</score><site>V</site><line>6.5</line></team>
<team tnum="2"><name>Buffalo Bills</name><score>24</score><site>H</site><line>-6.5</line></team>
</game>
<game>
<team tnum="1"><name>San Diego Chargers</name><score>20</score><site>V</site><line>3.5</line></team>
<team tnum="2"><name>Detroit Lions</name><score>10</score><site>H</site><line>-3.5</line></team>
</game>
<game>
<team tnum="1"><name>San Francisco 49ers</name><score>20</score><site>V</site><line>3</line></team>
<team tnum="2"><name>St Louis Rams</name><score>42</score><site>H</site><line>-3</line></team>
</game>
<game>
<team tnum="1"><name>New York Giants</name><score>3</score><site>V</site><line>3</line></team>
<team tnum="2"><name>Arizona Cardinals</name><score>14</score><site>H</site><line>-3</line></team>
</game>
<game>
<team tnum="1"><name>Baltimore Ravens</name><score>11</score><site>V</site><line>7</line></team>
<team tnum="2"><name>Tennessee Titans</name><score>14</score><site>H</site><line>-7</line></team>
</game>
<game>
<team tnum="1"><name>Denver Broncos</name><score>16</score><site>V</site><line>7</line></team>
<team tnum="2"><name>Oakland Raiders</name><score>13</score><site>H</site><line>-7</line></team>
</game>
<game>
<team tnum="1"><name>Miami Dolphins</name><score>34</score><site>V</site><line>-1.5</line></team>
<team tnum="2"><name>Indianapolis Colts</name><score>31</score><site>H</site><line>1.5</line></team>
</game>
<game>
<team tnum="1"><name>Tampa Bay Buccaneers</name><score>23</score><site>V</site><line>6</line></team>
<team tnum="2"><name>Green Bay Packers</name><score>26</score><site>H</site><line>-6</line></team>
</game>
</date>
<date day="1999-10-11">
<game>
<team tnum="1"><name>Jacksonville Jaguars</name><score>16</score><site>V</site><line>-3</line></team>
<team tnum="2"><name>New York Jets</name><score>6</score><site>H</site><line>3</line></team>
</game>
</date>
<date day="1999-10-17">
<game>
<team tnum="1"><name>Cleveland Browns</name><score>7</score><site>V</site><line>17.5</line></team>
<team tnum="2"><name>Jacksonville Jaguars</name><score>24</score><site>H</site><line>-17.5</line></team>
</game>
<game>
<team tnum="1"><name>Indianapolis Colts</name><score>16</score><site>V</site><line>-2.5</line></team>
<team tnum="2"><name>New York Jets</name><score>13</score><site>H</site><line>2.5</line></team>
</game>
<game>
<team tnum="1"><name>Miami Dolphins</name><score>31</score><site>V</site><line>2.5</line></team>
<team tnum="2"><name>New England Patriots</name><score>30</score><site>H</site><line>-2.5</line></team>
</game>
<game>
<team tnum="1"><name>Minnesota Vikings</name><score>23</score><site>V</site><line>-3.5</line></team>
<team tnum="2"><name>Detroit Lions</name><score>25</score><site>H</site><line>3.5</line></team>
</game>
<game>
<team tnum="1"><name>Oakland Raiders</name><score>20</score><site>V</site><line>3.5</line></team>
<team tnum="2"><name>Buffalo Bills</name><score>14</score><site>H</site><line>-3.5</line></team>
</game>
<game>
<team tnum="1"><name>Philadelphia Eagles</name><score>20</score><site>V</site><line>6.5</line></team>
<team tnum="2"><name>Chicago Bears</name><score>16</score><site>H</site><line>-6.5</line></team>
</game>
<game>
<team tnum="1"><name>Pittsburgh Steelers</name><score>17</score><site>V</site><line>-5</line></team>
<team tnum="2"><name>Cincinnati Bengals</name><score>3</score><site>H</site><line>5</line></team>
</game>
<game>
<team tnum="1"><name>St Louis Rams</name><score>41</score><site>V</site><line>-6</line></team>
<team tnum="2"><name>Atlanta Falcons</name><score>13</score><site>H</site><line>6</line></team>
</game>
<game>
<team tnum="1"><name>Tennessee Titans</name><score>24</score><site>V</site><line>-3</line></team>
<team tnum="2"><name>New Orleans Saints</name><score>21</score><site>H</site><line>3</line></team>
</game>
<game>
<team tnum="1"><name>Seattle Seahawks</name><score>10</score><site>V</site><line>-1.5</line></team>
<team tnum="2"><name>San Diego Chargers</name><score>13</score><site>H</site><line>1.5</line></team>
</game>
<game>
<team tnum="1"><name>Carolina Panthers</name><score>31</score><site>V</site><line>5</line></team>
<team tnum="2"><name>San Francisco 49ers</name><score>29</score><site>H</site><line>-5</line></team>
</game>
<game>
<team tnum="1"><name>Green Bay Packers</name><score>10</score><site>V</site><line>-3.5</line></team>
<team tnum="2"><name>Denver Broncos</name><score>31</score><site>H</site><line>3.5</line></team>
</game>
<game>
<team tnum="1"><name>Washington Redskins</name><score>24</score><site>V</site><line>-3.5</line></team>
<team tnum="2"><name>Arizona Cardinals</name><score>10</score><site>H</site><line>3.5</line></team>
</game>
</date>
<date day="1999-10-18">
<game>
<team tnum="1"><name>Dallas Cowboys</name><score>10</score><site>V</site><line>-3</line></team>
<team tnum="2"><name>New York Giants</name><score>13</score><site>H</site><line>3</line></team>
</game>
</date>
<date day="1999-10-21">
<game>
<team tnum="1"><name>Kansas City Chiefs</name><score>35</score><site>V</site><line>-1</line></team>
<team tnum="2"><name>Baltimore Ravens</name><score>8</score><site>H</site><line>1</line></team>
</game>
</date>
<date day="1999-10-24">
<game>
<team tnum="1"><name>Chicago Bears</name><score>3</score><site>V</site><line>8</line></team>
<team tnum="2"><name>Tampa Bay Buccaneers</name><score>6</score><site>H</site><line>-8</line></team>
</game>
<game>
<team tnum="1"><name>Cincinnati Bengals</name><score>10</score><site>V</site><line>11</line></team>
<team tnum="2"><name>Indianapolis Colts</name><score>31</score><site>H</site><line>-11</line></team>
</game>
<game>
<team tnum="1"><name>Cleveland Browns</name><score>3</score><site>V</site><line>18.5</line></team>
<team tnum="2"><name>St Louis Rams</name><score>34</score><site>H</site><line>-18.5</line></team>
</game>
<game>
<team tnum="1"><name>Denver Broncos</name><score>23</score><site>V</site><line>3.5</line></team>
<team tnum="2"><name>New England Patriots</name><score>24</score><site>H</site><line>-3.5</line></team>
</game>
<game>
<team tnum="1"><name>Detroit Lions</name><score>24</score><site>V</site><line>4.5</line></team>
<team tnum="2"><name>Carolina Panthers</name><score>9</score><site>H</site><line>-4.5</line></team>
</game>
<game>
<team tnum="1"><name>New Orleans Saints</name><score>3</score><site>V</site><line>3</line></team>
<team tnum="2"><name>New York Giants</name><score>31</score><site>H</site><line>-3</line></team>
</game>
<game>
<team tnum="1"><name>Philadelphia Eagles</name><score>13</score><site>V</site><line>9</line></team>
<team tnum="2"><name>Miami Dolphins</name><score>16</score><site>H</site><line>-9</line></team>
</game>
<game>
<team tnum="1"><name>San Francisco 49ers</name><score>16</score><site>V</site><line>7</line></team>
<team tnum="2"><name>Minnesota Vikings</name><score>40</score><site>H</site><line>-7</line></team>
</game>
<game>
<team tnum="1"><name>Washington Redskins</name><score>20</score><site>V</site><line>2</line></team>
<team tnum="2"><name>Dallas Cowboys</name><score>38</score><site>H</site><line>-2</line></team>
</game>
<game>
<team tnum="1"><name>Green Bay Packers</name><score>31</score><site>V</site><line>-3</line></team>
<team tnum="2"><name>San Diego Chargers</name><score>3</score><site>H</site><line>3</line></team>
</game>
<game>
<team tnum="1"><name>Buffalo Bills</name><score>16</score><site>V</site><line>2.5</line></team>
<team tnum="2"><name>Seattle Seahawks</name><score>26</score><site>H</site><line>-2.5</line></team>
</game>
<game>
<team tnum="1"><name>New York Jets</name><score>23</score><site>V</site><line>6.5</line></team>
<team tnum="2"><name>Oakland Raiders</name><score>24</score><site>H</site><line>-6.5</line></team>
</game>
</date>
<date day="1999-10-25">
<game>
<team tnum="1"><name>Atlanta Falcons</name><score>9</score><site>V</site><line>5.5</line></team>
<team tnum="2"><name>Pittsburgh Steelers</name><score>13</score><site>H</site><line>-5.5</line></team>
</game>
</date>
<date day="1999-10-31">
<game>
<team tnum="1"><name>Buffalo Bills</name><score>13</score><site>V</site><line>-3.5</line></team>
<team tnum="2"><name>Baltimore Ravens</name><score>10</score><site>H</site><line>3.5</line></team>
</game>
<game>
<team tnum="1"><name>Carolina Panthers</name><score>20</score><site>V</site><line>2</line></team>
<team tnum="2"><name>Atlanta Falcons</name><score>27</score><site>H</site><line>-2</line></team>
</game>
<game>
<team tnum="1"><name>Chicago Bears</name><score>22</score><site>V</site><line>8.5</line></team>
<team tnum="2"><name>Washington Redskins</name><score>48</score><site>H</site><line>-8.5</line></team>
</game>
<game>
<team tnum="1"><name>Cleveland Browns</name><score>21</score><site>V</site><line>9.5</line></team>
<team tnum="2"><name>New Orleans Saints</name><score>16</score><site>H</site><line>-9.5</line></team>
</game>
<game>
<team tnum="1"><name>Dallas Cowboys</name><score>24</score><site>V</site><line>3</line></team>
<team tnum="2"><name>Indianapolis Colts</name><score>34</score><site>H</site><line>-3</line></team>
</game>
<game>
<team tnum="1"><name>Jacksonville Jaguars</name><score>41</score><site>V</site><line>-12.5</line></team>
<team tnum="2"><name>Cincinnati Bengals</name><score>10</score><site>H</site><line>12.5</line></team>
</game>
<game>
<team tnum="1"><name>New York Giants</name><score>23</score><site>V</site><line>-2.5</line></team>
<team tnum="2"><name>Philadelphia Eagles</name><score>17</score><site>H</site><line>2.5</line></team>
</game>
<game>
<team tnum="1"><name>San Diego Chargers</name><score>0</score><site>V</site><line>6</line></team>
<team tnum="2"><name>Kansas City Chiefs</name><score>34</score><site>H</site><line>-6</line></team>
</game>
<game>
<team tnum="1"><name>St Louis Rams</name><score>21</score><site>V</site><line>-3</line></team>
<team tnum="2"><name>Tennessee Titans</name><score>24</score><site>H</site><line>3</line></team>
</game>
<game>
<team tnum="1"><name>Miami Dolphins</name><score>16</score><site>V</site><line>3</line></team>
<team tnum="2"><name>Oakland Raiders</name><score>9</score><site>H</site><line>-3</line></team>
</game>
<game>
<team tnum="1"><name>New England Patriots</name><score>27</score><site>V</site><line>-3</line></team>
<team tnum="2"><name>Arizona Cardinals</name><score>3</score><site>H</site><line>3</line></team>
</game>
<game>
<team tnum="1"><name>Minnesota Vikings</name><score>23</score><site>V</site><line>-2.5</line></team>
<team tnum="2"><name>Denver Broncos</name><score>20</score><site>H</site><line>2.5</line></team>
</game>
<game>
<team tnum="1"><name>Tampa Bay Buccaneers</name><score>3</score><site>V</site><line>-2.5</line></team>
<team tnum="2"><name>Detroit Lions</name><score>20</score><site>H</site><line>2.5</line></team>
</game>
</date>
<date day="1999-11-01">
<game>
<team tnum="1"><name>Seattle Seahawks</name><score>27</score><site>V</site><line>5.5</line></team>
<team tnum="2"><name>Green Bay Packers</name><score>7</score><site>H</site><line>-5.5</line></team>
</game>
</date>
<date day="1999-11-07">
<game>
<team tnum="1"><name>Arizona Cardinals</name><score>7</score><site>V</site><line>7</line></team>
<team tnum="2"><name>New York Jets</name><score>12</score><site>H</site><line>-7</line></team>
</game>
<game>
<team tnum="1"><name>Baltimore Ravens</name><score>41</score><site>V</site><line>-3.5</line></team>
<team tnum="2"><name>Cleveland Browns</name><score>9</score><site>H</site><line>3.5</line></team>
</game>
<game>
<team tnum="1"><name>Buffalo Bills</name><score>34</score><site>V</site><line>4</line></team>
<team tnum="2"><name>Washington Redskins</name><score>17</score><site>H</site><line>-4</line></team>
</game>
<game>
<team tnum="1"><name>Chicago Bears</name><score>14</score><site>V</site><line>9</line></team>
<team tnum="2"><name>Green Bay Packers</name><score>13</score><site>H</site><line>-9</line></team>
</game>
<game>
<team tnum="1"><name>Jacksonville Jaguars</name><score>30</score><site>V</site><line>-6</line></team>
<team tnum="2"><name>Atlanta Falcons</name><score>7</score><site>H</site><line>6</line></team>
</game>
<game>
<team tnum="1"><name>Kansas City Chiefs</name><score>17</score><site>V</site><line>4</line></team>
<team tnum="2"><name>Indianapolis Colts</name><score>25</score><site>H</site><line>-4</line></team>
</game>
<game>
<team tnum="1"><name>Philadelphia Eagles</name><score>7</score><site>V</site><line>5</line></team>
<team tnum="2"><name>Carolina Panthers</name><score>33</score><site>H</site><line>-5</line></team>
</game>
<game>
<team tnum="1"><name>St Louis Rams</name><score>27</score><site>V</site><line>-4</line></team>
<team tnum="2"><name>Detroit Lions</name><score>31</score><site>H</site><line>4</line></team>
</game>
<game>
<team tnum="1"><name>Tampa Bay Buccaneers</name><score>31</score><site>V</site><line>-3.5</line></team>
<team tnum="2"><name>New Orleans Saints</name><score>16</score><site>H</site><line>3.5</line></team>
</game>
<game>
<team tnum="1"><name>Cincinnati Bengals</name><score>20</score><site>V</site><line>14</line></team>
<team tnum="2"><name>Seattle Seahawks</name><score>37</score><site>H</site><line>-14</line></team>
</game>
<game>
<team tnum="1"><name>Denver Broncos</name><score>33</score><site>V</site><line>0</line></team>
<team tnum="2"><name>San Diego Chargers</name><score>17</score><site>H</site><line>0</line></team>
</game>
<game>
<team tnum="1"><name>Pittsburgh Steelers</name><score>27</score><site>V</site><line>2.5</line></team>
<team tnum="2"><name>San Francisco 49ers</name><score>6</score><site>H</site><line>-2.5</line></team>
</game>
<game>
<team tnum="1"><name>Tennessee Titans</name><score>0</score><site>V</site><line>3</line></team>
<team tnum="2"><name>Miami Dolphins</name><score>17</score><site>H</site><line>-3</line></team>
</game>
</date>
<date day="1999-11-08">
<game>
<team tnum="1"><name>Dallas Cowboys</name><score>17</score><site>V</site><line>6.5</line></team>
<team tnum="2"><name>Minnesota Vikings</name><score>27</score><site>H</site><line>-6.5</line></team>
</game>
</date>
<date day="1999-11-14">
<game>
<team tnum="1"><name>Carolina Panthers</name><score>10</score><site>V</site><line>10</line></team>
<team tnum="2"><name>St Louis Rams</name><score>35</score><site>H</site><line>-10</line></team>
</game>
<game>
<team tnum="1"><name>Cleveland Browns</name><score>16</score><site>V</site><line>14.5</line></team>
<team tnum="2"><name>Pittsburgh Steelers</name><score>15</score><site>H</site><line>-14.5</line></team>
</game>
<game>
<team tnum="1"><name>Indianapolis Colts</name><score>27</score><site>V</site><line>-3</line></team>
<team tnum="2"><name>New York Giants</name><score>19</score><site>H</site><line>3</line></team>
</game>
<game>
<team tnum="1"><name>Kansas City Chiefs</name><score>10</score><site>V</site><line>3</line></team>
<team tnum="2"><name>Tampa Bay Buccaneers</name><score>17</score><site>H</site><line>-3</line></team>
</game>
<game>
<team tnum="1"><name>Miami Dolphins</name><score>3</score><site>V</site><line>3</line></team>
<team tnum="2"><name>Buffalo Bills</name><score>23</score><site>H</site><line>-3</line></team>
</game>
<game>
<team tnum="1"><name>Minnesota Vikings</name><score>27</score><site>V</site><line>-6.5</line></team>
<team tnum="2"><name>Chicago Bears</name><score>24</score><site>H</site><line>6.5</line></team>
</game>
<game>
<team tnum="1"><name>San Francisco 49ers</name><score>6</score><site>V</site><line>-1</line></team>
<team tnum="2"><name>New Orleans Saints</name><score>24</score><site>H</site><line>1</line></team>
</game>
<game>
<team tnum="1"><name>Tennessee Titans</name><score>24</score><site>V</site><line>-10</line></team>
<team tnum="2"><name>Cincinnati Bengals</name><score>14</score><site>H</site><line>10</line></team>
</game>
<game>
<team tnum="1"><name>Washington Redskins</name><score>28</score><site>V</site><line>-6</line></team>
<team tnum="2"><name>Philadelphia Eagles</name><score>35</score><site>H</site><line>6</line></team>
</game>
<game>
<team tnum="1"><name>Baltimore Ravens</name><score>3</score><site>V</site><line>13</line></team>
<team tnum="2"><name>Jacksonville Jaguars</name><score>6</score><site>H</site><line>-13</line></team>
</game>
<game>
<team tnum="1"><name>San Diego Chargers</name><score>9</score><site>V</site><line>7</line></team>
<team tnum="2"><name>Oakland Raiders</name><score>28</score><site>H</site><line>-7</line></team>
</game>
<game>
<team tnum="1"><name>Detroit Lions</name><score>19</score><site>V</site><line>-5.5</line></team>
<team tnum="2"><name>Arizona Cardinals</name><score>23</score><site>H</site><line>5.5</line></team>
</game>
<game>
<team tnum="1"><name>Green Bay Packers</name><score>13</score><site>V</site><line>-3</line></team>
<team tnum="2"><name>Dallas Cowboys</name><score>27</score><site>H</site><line>3</line></team>
</game>
<game>
<team tnum="1"><name>Denver Broncos</name><score>17</score><site>V</site><line>5.5</line></team>
<team tnum="2"><name>Seattle Seahawks</name><score>20</score><site>H</site><line>-5.5</line></team>
</game>
</date>
<date day="1999-11-15">
<game>
<team tnum="1"><name>New York Jets</name><score>24</score><site>V</site><line>6</line></team>
<team tnum="2"><name>New England Patriots</name><score>17</score><site>H</site><line>-6</line></team>
</game>
</date>
<date day="1999-11-21">
<game>
<team tnum="1"><name>Atlanta Falcons</name><score>10</score><site>V</site><line>7</line></team>
<team tnum="2"><name>Tampa Bay Buccaneers</name><score>19</score><site>H</site><line>-7</line></team>
</game>
<game>
<team tnum="1"><name>Buffalo Bills</name><score>7</score><site>V</site><line>-2.5</line></team>
<team tnum="2"><name>New York Jets</name><score>17</score><site>H</site><line>2.5</line></team>
</game>
<game>
<team tnum="1"><name>Carolina Panthers</name><score>31</score><site>V</site><line>-5.5</line></team>
<team tnum="2"><name>Cleveland Browns</name><score>17</score><site>H</site><line>5.5</line></team>
</game>
<game>
<team tnum="1"><name>Detroit Lions</name><score>17</score><site>V</site><line>4</line></team>
<team tnum="2"><name>Green Bay Packers</name><score>26</score><site>H</site><line>-4</line></team>
</game>
<game>
<team tnum="1"><name>Indianapolis Colts</name><score>44</score><site>V</site><line>-7</line></team>
<team tnum="2"><name>Philadelphia Eagles</name><score>17</score><site>H</site><line>7</line></team>
</game>
<game>
<team tnum="1"><name>New England Patriots</name><score>17</score><site>V</site><line>3.5</line></team>
<team tnum="2"><name>Miami Dolphins</name><score>27</score><site>H</site><line>-3.5</line></team>
</game>
<game>
<team tnum="1"><name>Pittsburgh Steelers</name><score>10</score><site>V</site><line>5.5</line></team>
<team tnum="2"><name>Tennessee Titans</name><score>16</score><site>H</site><line>-5.5</line></team>
</game>
<game>
<team tnum="1"><name>Seattle Seahawks</name><score>31</score><site>V</site><line>3</line></team>
<team tnum="2"><name>Kansas City Chiefs</name><score>19</score><site>H</site><line>-3</line></team>
</game>
<game>
<team tnum="1"><name>Baltimore Ravens</name><score>34</score><site>V</site><line>-5</line></team>
<team tnum="2"><name>Cincinnati Bengals</name><score>31</score><site>H</site><line>5</line></team>
</game>
<game>
<team tnum="1"><name>Chicago Bears</name><score>23</score><site>V</site><line>0</line></team>
<team tnum="2"><name>San Diego Chargers</name><score>20</score><site>H</site><line>0</line></team>
</game>
<game>
<team tnum="1"><name>Dallas Cowboys</name><score>9</score><site>V</site><line>-1.5</line></team>
<team tnum="2"><name>Arizona Cardinals</name><score>13</score><site>H</site><line>1.5</line></team>
</game>
<game>
<team tnum="1"><name>New York Giants</name><score>13</score><site>V</site><line>5.5</line></team>
<team tnum="2"><name>Washington Redskins</name><score>23</score><site>H</site><line>-5.5</line></team>
</game>
<game>
<team tnum="1"><name>St Louis Rams</name><score>23</score><site>V</site><line>-7.5</line></team>
<team tnum="2"><name>San Francisco 49ers</name><score>7</score><site>H</site><line>7.5</line></team>
</game>
<game>
<team tnum="1"><name>New Orleans Saints</name><score>23</score><site>V</site><line>12.5</line></team>
<team tnum="2"><name>Jacksonville Jaguars</name><score>41</score><site>H</site><line>-12.5</line></team>
</game>
</date>
<date day="1999-11-22">
<game>
<team tnum="1"><name>Oakland Raiders</name><score>21</score><site>V</site><line>1.5</line></team>
<team tnum="2"><name>Denver Broncos</name><score>27</score><site>H</site><line>-1.5</line></team>
</game>
</date>
<date day="1999-11-25">
<game>
<team tnum="1"><name>Chicago Bears</name><score>17</score><site>V</site><line>6</line></team>
<team tnum="2"><name>Detroit Lions</name><score>21</score><site>H</site><line>-6</line></team>
</game>
<game>
<team tnum="1"><name>Miami Dolphins</name><score>0</score><site>V</site><line>1.5</line></team>
<team tnum="2"><name>Dallas Cowboys</name><score>20</score><site>H</site><line>-1.5</line></team>
</game>
</date>
<date day="1999-11-28">
<game>
<team tnum="1"><name>Arizona Cardinals</name><score>34</score><site>V</site><line>4.5</line></team>
<team tnum="2"><name>New York Giants</name><score>24</score><site>H</site><line>-4.5</line></team>
</game>
<game>
<team tnum="1"><name>Cincinnati Bengals</name><score>27</score><site>V</site><line>11</line></team>
<team tnum="2"><name>Pittsburgh Steelers</name><score>20</score><site>H</site><line>-11</line></team>
</game>
<game>
<team tnum="1"><name>Jacksonville Jaguars</name><score>30</score><site>V</site><line>-7</line></team>
<team tnum="2"><name>Baltimore Ravens</name><score>23</score><site>H</site><line>7</line></team>
</game>
<game>
<team tnum="1"><name>New England Patriots</name><score>7</score><site>V</site><line>4</line></team>
<team tnum="2"><name>Buffalo Bills</name><score>17</score><site>H</site><line>-4</line></team>
</game>
<game>
<team tnum="1"><name>New Orleans Saints</name><score>12</score><site>V</site><line>14</line></team>
<team tnum="2"><name>St Louis Rams</name><score>43</score><site>H</site><line>-14</line></team>
</game>
<game>
<team tnum="1"><name>Philadelphia Eagles</name><score>17</score><site>V</site><line>10</line></team>
<team tnum="2"><name>Washington Redskins</name><score>20</score><site>H</site><line>-10</line></team>
</game>
<game>
<team tnum="1"><name>San Diego Chargers</name><score>27</score><site>V</site><line>13.5</line></team>
<team tnum="2"><name>Minnesota Vikings</name><score>35</score><site>H</site><line>-13.5</line></team>
</game>
<game>
<team tnum="1"><name>Tennessee Titans</name><score>33</score><site>V</site><line>-10.5</line></team>
<team tnum="2"><name>Cleveland Browns</name><score>21</score><site>H</site><line>10.5</line></team>
</game>
<game>
<team tnum="1"><name>Tampa Bay Buccaneers</name><score>16</score><site>V</site><line>6</line></team>
<team tnum="2"><name>Seattle Seahawks</name><score>3</score><site>H</site><line>-6</line></team>
</game>
<game>
<team tnum="1"><name>New York Jets</name><score>6</score><site>V</site><line>7</line></team>
<team tnum="2"><name>Indianapolis Colts</name><score>13</score><site>H</site><line>-7</line></team>
</game>
<game>
<team tnum="1"><name>Kansas City Chiefs</name><score>37</score><site>V</site><line>3.5</line></team>
<team tnum="2"><name>Oakland Raiders</name><score>34</score><site>H</site><line>-3.5</line></team>
</game>
<game>
<team tnum="1"><name>Atlanta Falcons</name><score>28</score><site>V</site><line>4.5</line></team>
<team tnum="2"><name>Carolina Panthers</name><score>34</score><site>H</site><line>-4.5</line></team>
</game>
</date>
<date day="1999-11-29">
<game>
<team tnum="1"><name>Green Bay Packers</name><score>20</score><site>V</site><line>-6</line></team>
<team tnum="2"><name>San Francisco 49ers</name><score>3</score><site>H</site><line>6</line></team>
</game>
</date>
<date day="1999-12-02">
<game>
<team tnum="1"><name>Pittsburgh Steelers</name><score>6</score><site>V</site><line>10.5</line></team>
<team tnum="2"><name>Jacksonville Jaguars</name><score>20</score><site>H</site><line>-10.5</line></team>
</game>
</date>
<date day="1999-12-05">
<game>
<team tnum="1"><name>Green Bay Packers</name><score>35</score><site>V</site><line>-3.5</line></team>
<team tnum="2"><name>Chicago Bears</name><score>19</score><site>H</site><line>3.5</line></team>
</game>
<game>
<team tnum="1"><name>Indianapolis Colts</name><score>37</score><site>V</site><line>2</line></team>
<team tnum="2"><name>Miami Dolphins</name><score>34</score><site>H</site><line>-2</line></team>
</game>
<game>
<team tnum="1"><name>New York Jets</name><score>28</score><site>V</site><line>-2.5</line></team>
<team tnum="2"><name>New York Giants</name><score>41</score><site>H</site><line>2.5</line></team>
</game>
<game>
<team tnum="1"><name>New Orleans Saints</name><score>12</score><site>V</site><line>4</line></team>
<team tnum="2"><name>Atlanta Falcons</name><score>35</score><site>H</site><line>-4</line></team>
</game>
<game>
<team tnum="1"><name>San Francisco 49ers</name><score>30</score><site>V</site><line>3</line></team>
<team tnum="2"><name>Cincinnati Bengals</name><score>44</score><site>H</site><line>-3</line></team>
</game>
<game>
<team tnum="1"><name>St Louis Rams</name><score>34</score><site>V</site><line>-7</line></team>
<team tnum="2"><name>Carolina Panthers</name><score>21</score><site>H</site><line>7</line></team>
</game>
<game>
<team tnum="1"><name>Tennessee Titans</name><score>14</score><site>V</site><line>-3.5</line></team>
<team tnum="2"><name>Baltimore Ravens</name><score>41</score><site>H</site><line>3.5</line></team>
</game>
<game>
<team tnum="1"><name>Washington Redskins</name><score>17</score><site>V</site><line>3.5</line></team>
<team tnum="2"><name>Detroit Lions</name><score>33</score><site>H</site><line>-3.5</line></team>
</game>
<game>
<team tnum="1"><name>Philadelphia Eagles</name><score>17</score><site>V</site><line>7</line></team>
<team tnum="2"><name>Arizona Cardinals</name><score>21</score><site>H</site><line>-7</line></team>
</game>
<game>
<team tnum="1"><name>Cleveland Browns</name><score>10</score><site>V</site><line>7.5</line></team>
<team tnum="2"><name>San Diego Chargers</name><score>23</score><site>H</site><line>-7.5</line></team>
</game>
<game>
<team tnum="1"><name>Kansas City Chiefs</name><score>16</score><site>V</site><line>3.5</line></team>
<team tnum="2"><name>Denver Broncos</name><score>10</score><site>H</site><line>-3.5</line></team>
</game>
<game>
<team tnum="1"><name>Seattle Seahawks</name><score>21</score><site>V</site><line>1</line></team>
<team tnum="2"><name>Oakland Raiders</name><score>30</score><site>H</site><line>-1</line></team>
</game>
<game>
<team tnum="1"><name>Dallas Cowboys</name><score>6</score><site>V</site><line>2</line></team>
<team tnum="2"><name>New England Patriots</name><score>13</score><site>H</site><line>-2</line></team>
</game>
</date>
<date day="1999-12-06">
<game>
<team tnum="1"><name>Minnesota Vikings</name><score>17</score><site>V</site><line>-2.5</line></team>
<team tnum="2"><name>Tampa Bay Buccaneers</name><score>24</score><site>H</site><line>2.5</line></team>
</game>
</date>
<date day="1999-12-09">
<game>
<team tnum="1"><name>Oakland Raiders</name><score>14</score><site>V</site><line>3</line></team>
<team tnum="2"><name>Tennessee Titans</name><score>21</score><site>H</site><line>-3</line></team>
</game>
</date>
<date day="1999-12-12">
<game>
<team tnum="1"><name>Arizona Cardinals</name><score>3</score><site>V</site><line>5.5</line></team>
<team tnum="2"><name>Washington Redskins</name><score>28</score><site>H</site><line>-5.5</line></team>
</game>
<game>
<team tnum="1"><name>Baltimore Ravens</name><score>31</score><site>V</site><line>1.5</line></team>
<team tnum="2"><name>Pittsburgh Steelers</name><score>24</score><site>H</site><line>-1.5</line></team>
</game>
<game>
<team tnum="1"><name>Carolina Panthers</name><score>33</score><site>V</site><line>8</line></team>
<team tnum="2"><name>Green Bay Packers</name><score>31</score><site>H</site><line>-8</line></team>
</game>
<game>
<team tnum="1"><name>Cleveland Browns</name><score>28</score><site>V</site><line>7</line></team>
<team tnum="2"><name>Cincinnati Bengals</name><score>44</score><site>H</site><line>-7</line></team>
</game>
<game>
<team tnum="1"><name>Detroit Lions</name><score>16</score><site>V</site><line>4</line></team>
<team tnum="2"><name>Tampa Bay Buccaneers</name><score>23</score><site>H</site><line>-4</line></team>
</game>
<game>
<team tnum="1"><name>New England Patriots</name><score>15</score><site>V</site><line>7</line></team>
<team tnum="2"><name>Indianapolis Colts</name><score>20</score><site>H</site><line>-7</line></team>
</game>
<game>
<team tnum="1"><name>New York Giants</name><score>19</score><site>V</site><line>8</line></team>
<team tnum="2"><name>Buffalo Bills</name><score>17</score><site>H</site><line>-8</line></team>
</game>
<game>
<team tnum="1"><name>Philadelphia Eagles</name><score>10</score><site>V</site><line>9</line></team>
<team tnum="2"><name>Dallas Cowboys</name><score>20</score><site>H</site><line>-9</line></team>
</game>
<game>
<team tnum="1"><name>St Louis Rams</name><score>30</score><site>V</site><line>-10.5</line></team>
<team tnum="2"><name>New Orleans Saints</name><score>14</score><site>H</site><line>10.5</line></team>
</game>
<game>
<team tnum="1"><name>Miami Dolphins</name><score>20</score><site>V</site><line>-3</line></team>
<team tnum="2"><name>New York Jets</name><score>28</score><site>H</site><line>3</line></team>
</game>
<game>
<team tnum="1"><name>San Diego Chargers</name><score>19</score><site>V</site><line>9.5</line></team>
<team tnum="2"><name>Seattle Seahawks</name><score>16</score><site>H</site><line>-9.5</line></team>
</game>
<game>
<team tnum="1"><name>Atlanta Falcons</name><score>7</score><site>V</site><line>-3</line></team>
<team tnum="2"><name>San Francisco 49ers</name><score>26</score><site>H</site><line>3</line></team>
</game>
<game>
<team tnum="1"><name>Minnesota Vikings</name><score>28</score><site>V</site><line>1</line></team>
<team tnum="2"><name>Kansas City Chiefs</name><score>31</score><site>H</site><line>-1</line></team>
</game>
</date>
<date day="1999-12-13">
<game>
<team tnum="1"><name>Denver Broncos</name><score>24</score><site>V</site><line>9</line></team>
<team tnum="2"><name>Jacksonville Jaguars</name><score>27</score><site>H</site><line>-9</line></team>
</game>
</date>
<date day="1999-12-18">
<game>
<team tnum="1"><name>Pittsburgh Steelers</name><score>19</score><site>V</site><line>8.5</line></team>
<team tnum="2"><name>Kansas City Chiefs</name><score>35</score><site>H</site><line>-8.5</line></team>
</game>
<game>
<team tnum="1"><name>San Francisco 49ers</name><score>24</score><site>V</site><line>7.5</line></team>
<team tnum="2"><name>Carolina Panthers</name><score>41</score><site>H</site><line>-7.5</line></team>
</game>
</date>
<date day="1999-12-19">
<game>
<team tnum="1"><name>Atlanta Falcons</name><score>17</score><site>V</site><line>10</line></team>
<team tnum="2"><name>Tennessee Titans</name><score>30</score><site>H</site><line>-10</line></team>
</game>
<game>
<team tnum="1"><name>Detroit Lions</name><score>10</score><site>V</site><line>-3</line></team>
<team tnum="2"><name>Chicago Bears</name><score>28</score><site>H</site><line>3</line></team>
</game>
<game>
<team tnum="1"><name>Jacksonville Jaguars</name><score>24</score><site>V</site><line>-14.5</line></team>
<team tnum="2"><name>Cleveland Browns</name><score>14</score><site>H</site><line>14.5</line></team>
</game>
<game>
<team tnum="1"><name>New England Patriots</name><score>9</score><site>V</site><line>-3.5</line></team>
<team tnum="2"><name>Philadelphia Eagles</name><score>24</score><site>H</site><line>3.5</line></team>
</game>
<game>
<team tnum="1"><name>New Orleans Saints</name><score>8</score><site>V</site><line>8.5</line></team>
<team tnum="2"><name>Baltimore Ravens</name><score>31</score><site>H</site><line>-8.5</line></team>
</game>
<game>
<team tnum="1"><name>New York Giants</name><score>10</score><site>V</site><line>10.5</line></team>
<team tnum="2"><name>St Louis Rams</name><score>31</score><site>H</site><line>-10.5</line></team>
</game>
<game>
<team tnum="1"><name>San Diego Chargers</name><score>9</score><site>V</site><line>7.5</line></team>
<team tnum="2"><name>Miami Dolphins</name><score>12</score><site>H</site><line>-7.5</line></team>
</game>
<game>
<team tnum="1"><name>Washington Redskins</name><score>21</score><site>V</site><line>6.5</line></team>
<team tnum="2"><name>Indianapolis Colts</name><score>24</score><site>H</site><line>-6.5</line></team>
</game>
<game>
<team tnum="1"><name>Tampa Bay Buccaneers</name><score>0</score><site>V</site><line>-1</line></team>
<team tnum="2"><name>Oakland Raiders</name><score>45</score><site>H</site><line>1</line></team>
</game>
<game>
<team tnum="1"><name>New York Jets</name><score>22</score><site>V</site><line>6</line></team>
<team tnum="2"><name>Dallas Cowboys</name><score>21</score><site>H</site><line>-6</line></team>
</game>
<game>
<team tnum="1"><name>Seattle Seahawks</name><score>30</score><site>V</site><line>1.5</line></team>
<team tnum="2"><name>Denver Broncos</name><score>36</score><site>H</site><line>-1.5</line></team>
</game>
<game>
<team tnum="1"><name>Buffalo Bills</name><score>31</score><site>V</site><line>-3</line></team>
<team tnum="2"><name>Arizona Cardinals</name><score>21</score><site>H</site><line>3</line></team>
</game>
</date>
<date day="1999-12-20">
<game>
<team tnum="1"><name>Green Bay Packers</name><score>20</score><site>V</site><line>4.5</line></team>
<team tnum="2"><name>Minnesota Vikings</name><score>24</score><site>H</site><line>-4.5</line></team>
</game>
</date>
<date day="1999-12-24">
<game>
<team tnum="1"><name>Dallas Cowboys</name><score>24</score><site>V</site><line>-8.5</line></team>
<team tnum="2"><name>New Orleans Saints</name><score>31</score><site>H</site><line>8.5</line></team>
</game>
</date>
<date day="1999-12-25">
<game>
<team tnum="1"><name>Denver Broncos</name><score>17</score><site>V</site><line>4.5</line></team>
<team tnum="2"><name>Detroit Lions</name><score>7</score><site>H</site><line>-4.5</line></team>
</game>
</date>
<date day="1999-12-26">
<game>
<team tnum="1"><name>Arizona Cardinals</name><score>14</score><site>V</site><line>2</line></team>
<team tnum="2"><name>Atlanta Falcons</name><score>37</score><site>H</site><line>-2</line></team>
</game>
<game>
<team tnum="1"><name>Buffalo Bills</name><score>13</score><site>V</site><line>-3</line></team>
<team tnum="2"><name>New England Patriots</name><score>10</score><site>H</site><line>3</line></team>
</game>
<game>
<team tnum="1"><name>Carolina Panthers</name><score>20</score><site>V</site><line>-3.5</line></team>
<team tnum="2"><name>Pittsburgh Steelers</name><score>30</score><site>H</site><line>3.5</line></team>
</game>
<game>
<team tnum="1"><name>Chicago Bears</name><score>12</score><site>V</site><line>10</line></team>
<team tnum="2"><name>St Louis Rams</name><score>34</score><site>H</site><line>-10</line></team>
</game>
<game>
<team tnum="1"><name>Cincinnati Bengals</name><score>0</score><site>V</site><line>7</line></team>
<team tnum="2"><name>Baltimore Ravens</name><score>22</score><site>H</site><line>-7</line></team>
</game>
<game>
<team tnum="1"><name>Indianapolis Colts</name><score>29</score><site>V</site><line>-13.5</line></team>
<team tnum="2"><name>Cleveland Browns</name><score>28</score><site>H</site><line>13.5</line></team>
</game>
<game>
<team tnum="1"><name>Jacksonville Jaguars</name><score>14</score><site>V</site><line>-3</line></team>
<team tnum="2"><name>Tennessee Titans</name><score>41</score><site>H</site><line>3</line></team>
</game>
<game>
<team tnum="1"><name>Minnesota Vikings</name><score>34</score><site>V</site><line>-2.5</line></team>
<team tnum="2"><name>New York Giants</name><score>17</score><site>H</site><line>2.5</line></team>
</game>
<game>
<team tnum="1"><name>Kansas City Chiefs</name><score>14</score><site>V</site><line>3</line></team>
<team tnum="2"><name>Seattle Seahawks</name><score>23</score><site>H</site><line>-3</line></team>
</game>
<game>
<team tnum="1"><name>Oakland Raiders</name><score>20</score><site>V</site><line>-3</line></team>
<team tnum="2"><name>San Diego Chargers</name><score>23</score><site>H</site><line>3</line></team>
</game>
<game>
<team tnum="1"><name>Green Bay Packers</name><score>10</score><site>V</site><line>3.5</line></team>
<team tnum="2"><name>Tampa Bay Buccaneers</name><score>29</score><site>H</site><line>-3.5</line></team>
</game>
<game>
<team tnum="1"><name>Washington Redskins</name><score>26</score><site>V</site><line>-7</line></team>
<team tnum="2"><name>San Francisco 49ers</name><score>20</score><site>H</site><line>7</line></team>
</game>
</date>
<date day="1999-12-27">
<game>
<team tnum="1"><name>New York Jets</name><score>38</score><site>V</site><line>3.5</line></team>
<team tnum="2"><name>Miami Dolphins</name><score>31</score><site>H</site><line>-3.5</line></team>
</game>
</date>
<date day="2000-01-02">
<game>
<team tnum="1"><name>Arizona Cardinals</name><score>24</score><site>V</site><line>7.5</line></team>
<team tnum="2"><name>Green Bay Packers</name><score>49</score><site>H</site><line>-7.5</line></team>
</game>
<game>
<team tnum="1"><name>Baltimore Ravens</name><score>3</score><site>V</site><line>-1</line></team>
<team tnum="2"><name>New England Patriots</name><score>20</score><site>H</site><line>1</line></team>
</game>
<game>
<team tnum="1"><name>Cincinnati Bengals</name><score>7</score><site>V</site><line>9</line></team>
<team tnum="2"><name>Jacksonville Jaguars</name><score>24</score><site>H</site><line>-9</line></team>
</game>
<game>
<team tnum="1"><name>Detroit Lions</name><score>17</score><site>V</site><line>7</line></team>
<team tnum="2"><name>Minnesota Vikings</name><score>24</score><site>H</site><line>-7</line></team>
</game>
<game>
<team tnum="1"><name>Indianapolis Colts</name><score>6</score><site>V</site><line>-1.5</line></team>
<team tnum="2"><name>Buffalo Bills</name><score>31</score><site>H</site><line>1.5</line></team>
</game>
<game>
<team tnum="1"><name>New Orleans Saints</name><score>13</score><site>V</site><line>8.5</line></team>
<team tnum="2"><name>Carolina Panthers</name><score>45</score><site>H</site><line>-8.5</line></team>
</game>
<game>
<team tnum="1"><name>Oakland Raiders</name><score>41</score><site>V</site><line>5</line></team>
<team tnum="2"><name>Kansas City Chiefs</name><score>38</score><site>H</site><line>-5</line></team>
</game>
<game>
<team tnum="1"><name>Seattle Seahawks</name><score>9</score><site>V</site><line>1</line></team>
<team tnum="2"><name>New York Jets</name><score>19</score><site>H</site><line>-1</line></team>
</game>
<game>
<team tnum="1"><name>St Louis Rams</name><score>31</score><site>V</site><line>-8</line></team>
<team tnum="2"><name>Philadelphia Eagles</name><score>38</score><site>H</site><line>8</line></team>
</game>
<game>
<team tnum="1"><name>Tampa Bay Buccaneers</name><score>20</score><site>V</site><line>-3.5</line></team>
<team tnum="2"><name>Chicago Bears</name><score>6</score><site>H</site><line>3.5</line></team>
</game>
<game>
<team tnum="1"><name>New York Giants</name><score>18</score><site>V</site><line>6.5</line></team>
<team tnum="2"><name>Dallas Cowboys</name><score>26</score><site>H</site><line>-6.5</line></team>
</game>
<game>
<team tnum="1"><name>Miami Dolphins</name><score>10</score><site>V</site><line>3</line></team>
<team tnum="2"><name>Washington Redskins</name><score>21</score><site>H</site><line>-3</line></team>
</game>
<game>
<team tnum="1"><name>San Diego Chargers</name><score>12</score><site>V</site><line>7</line></team>
<team tnum="2"><name>Denver Broncos</name><score>6</score><site>H</site><line>-7</line></team>
</game>
<game>
<team tnum="1"><name>Tennessee Titans</name><score>47</score><site>V</site><line>-4</line></team>
<team tnum="2"><name>Pittsburgh Steelers</name><score>36</score><site>H</site><line>4</line></team>
</game>
</date>
<date day="2000-01-03">
<game>
<team tnum="1"><name>San Francisco 49ers</name><score>29</score><site>V</site><line>6.5</line></team>
<team tnum="2"><name>Atlanta Falcons</name><score>34</score><site>H</site><line>-6.5</line></team>
</game>
</date>
</scores>
