<?xml version="1.0" encoding="UTF-8"?> 
<scores>
<year>2012</year><league>NFL</league><season>Regular Season</season>
<date day="2012-09-05">
<game><team tnum="1"><name>Dallas Cowboys</name><score>24</score><site>V</site><line>4</line><totline>46</totline></team>
<team tnum="2"><name>New York Giants</name><score>17</score><site>H</site><line>-4</line><totline>46</totline></team></game>
</date>
<date day="2012-09-09">
<game><team tnum="1"><name>Indianapolis Colts</name><score>21</score><site>V</site><line>10</line><totline>42.5</totline></team>
<team tnum="2"><name>Chicago Bears</name><score>41</score><site>H</site><line>-10</line><totline>42.5</totline></team></game>
<game><team tnum="1"><name>Philadelphia Eagles</name><score>17</score><site>V</site><line>-9.5</line><totline>42</totline></team>
<team tnum="2"><name>Cleveland Browns</name><score>16</score><site>H</site><line>9.5</line><totline>42</totline></team></game>
<game><team tnum="1"><name>Buffalo Bills</name><score>28</score><site>V</site><line>3</line><totline>39</totline></team>
<team tnum="2"><name>New York Jets</name><score>48</score><site>H</site><line>-3</line><totline>39</totline></team></game>
<game><team tnum="1"><name>Washington Redskins</name><score>40</score><site>V</site><line>9</line><totline>50.5</totline></team>
<team tnum="2"><name>New Orleans Saints</name><score>32</score><site>H</site><line>-9</line><totline>50.5</totline></team></game>
<game><team tnum="1"><name>New England Patriots</name><score>34</score><site>V</site><line>-6.5</line><totline>48</totline></team>
<team tnum="2"><name>Tennessee Titans</name><score>13</score><site>H</site><line>6.5</line><totline>48</totline></team></game>
<game><team tnum="1"><name>Jacksonville Jaguars</name><score>23</score><site>V</site><line>3.5</line><totline>38</totline></team>
<team tnum="2"><name>Minnesota Vikings</name><score>26</score><site>H</site><line>-3.5</line><totline>38</totline></team></game>
<game><team tnum="1"><name>Miami Dolphins</name><score>10</score><site>V</site><line>13.5</line><totline>41.5</totline></team>
<team tnum="2"><name>Houston Texans</name><score>30</score><site>H</site><line>-13.5</line><totline>41.5</totline></team></game>
<game><team tnum="1"><name>St Louis Rams</name><score>23</score><site>V</site><line>9</line><totline>46.5</totline></team>
<team tnum="2"><name>Detroit Lions</name><score>27</score><site>H</site><line>-9</line><totline>46.5</totline></team></game>
<game><team tnum="1"><name>Atlanta Falcons</name><score>40</score><site>V</site><line>-2.5</line><totline>43</totline></team>
<team tnum="2"><name>Kansas City Chiefs</name><score>24</score><site>H</site><line>2.5</line><totline>43</totline></team></game>
<game><team tnum="1"><name>San Francisco 49ers</name><score>30</score><site>V</site><line>5.5</line><totline>46.5</totline></team>
<team tnum="2"><name>Green Bay Packers</name><score>22</score><site>H</site><line>-5.5</line><totline>46.5</totline></team></game>
<game><team tnum="1"><name>Carolina Panthers</name><score>10</score><site>V</site><line>-3</line><totline>45.5</totline></team>
<team tnum="2"><name>Tampa Bay Buccaneers</name><score>16</score><site>H</site><line>3</line><totline>45.5</totline></team></game>
<game><team tnum="1"><name>Seattle Seahawks</name><score>16</score><site>V</site><line>-3</line><totline>41</totline></team>
<team tnum="2"><name>Arizona Cardinals</name><score>20</score><site>H</site><line>3</line><totline>41</totline></team></game>
<game><team tnum="1"><name>Pittsburgh Steelers</name><score>19</score><site>V</site><line>2</line><totline>45.5</totline></team>
<team tnum="2"><name>Denver Broncos</name><score>31</score><site>H</site><line>-2</line><totline>45.5</totline></team></game>
</date>
<date day="2012-09-10">
<game><team tnum="1"><name>Cincinnati Bengals</name><score>13</score><site>V</site><line>7</line><totline>43</totline></team>
<team tnum="2"><name>Baltimore Ravens</name><score>44</score><site>H</site><line>-7</line><totline>43</totline></team></game>
<game><team tnum="1"><name>San Diego Chargers</name><score>22</score><site>V</site><line>1</line><totline>47.5</totline></team>
<team tnum="2"><name>Oakland Raiders</name><score>14</score><site>H</site><line>-1</line><totline>47.5</totline></team></game>
</date>
<date day="2012-09-13">
<game><team tnum="1"><name>Chicago Bears</name><score>10</score><site>V</site><line>5.5</line><totline>51</totline></team>
<team tnum="2"><name>Green Bay Packers</name><score>23</score><site>H</site><line>-5.5</line><totline>51</totline></team></game>
</date>
<date day="2012-09-16">
<game><team tnum="1"><name>Tampa Bay Buccaneers</name><score>34</score><site>V</site><line>8</line><totline>43.5</totline></team>
<team tnum="2"><name>New York Giants</name><score>41</score><site>H</site><line>-8</line><totline>43.5</totline></team></game>
<game><team tnum="1"><name>Arizona Cardinals</name><score>20</score><site>V</site><line>13.5</line><totline>47</totline></team>
<team tnum="2"><name>New England Patriots</name><score>18</score><site>H</site><line>-13.5</line><totline>47</totline></team></game>
<game><team tnum="1"><name>Minnesota Vikings</name><score>20</score><site>V</site><line>-3</line><totline>45.5</totline></team>
<team tnum="2"><name>Indianapolis Colts</name><score>23</score><site>H</site><line>3</line><totline>45.5</totline></team></game>
<game><team tnum="1"><name>New Orleans Saints</name><score>27</score><site>V</site><line>-3</line><totline>54</totline></team>
<team tnum="2"><name>Carolina Panthers</name><score>35</score><site>H</site><line>3</line><totline>54</totline></team></game>
<game><team tnum="1"><name>Kansas City Chiefs</name><score>17</score><site>V</site><line>3</line><totline>45</totline></team>
<team tnum="2"><name>Buffalo Bills</name><score>35</score><site>H</site><line>-3</line><totline>45</totline></team></game>
<game><team tnum="1"><name>Baltimore Ravens</name><score>23</score><site>V</site><line>3</line><totline>47</totline></team>
<team tnum="2"><name>Philadelphia Eagles</name><score>24</score><site>H</site><line>-3</line><totline>47</totline></team></game>
<game><team tnum="1"><name>Oakland Raiders</name><score>13</score><site>V</site><line>-2</line><totline>41</totline></team>
<team tnum="2"><name>Miami Dolphins</name><score>35</score><site>H</site><line>2</line><totline>41</totline></team></game>
<game><team tnum="1"><name>Cleveland Browns</name><score>27</score><site>V</site><line>7</line><totline>39.5</totline></team>
<team tnum="2"><name>Cincinnati Bengals</name><score>34</score><site>H</site><line>-7</line><totline>39.5</totline></team></game>
<game><team tnum="1"><name>Houston Texans</name><score>27</score><site>V</site><line>-7</line><totline>40</totline></team>
<team tnum="2"><name>Jacksonville Jaguars</name><score>7</score><site>H</site><line>7</line><totline>40</totline></team></game>
<game><team tnum="1"><name>Dallas Cowboys</name><score>7</score><site>V</site><line>-3</line><totline>43</totline></team>
<team tnum="2"><name>Seattle Seahawks</name><score>27</score><site>H</site><line>3</line><totline>43</totline></team></game>
<game><team tnum="1"><name>Washington Redskins</name><score>28</score><site>V</site><line>-3.5</line><totline>42.5</totline></team>
<team tnum="2"><name>St Louis Rams</name><score>31</score><site>H</site><line>3.5</line><totline>42.5</totline></team></game>
<game><team tnum="1"><name>New York Jets</name><score>10</score><site>V</site><line>4.5</line><totline>43</totline></team>
<team tnum="2"><name>Pittsburgh Steelers</name><score>27</score><site>H</site><line>-4.5</line><totline>43</totline></team></game>
<game><team tnum="1"><name>Tennessee Titans</name><score>10</score><site>V</site><line>6</line><totline>43.5</totline></team>
<team tnum="2"><name>San Diego Chargers</name><score>38</score><site>H</site><line>-6</line><totline>43.5</totline></team></game>
<game><team tnum="1"><name>Detroit Lions</name><score>19</score><site>V</site><line>7</line><totline>46</totline></team>
<team tnum="2"><name>San Francisco 49ers</name><score>27</score><site>H</site><line>-7</line><totline>46</totline></team></game>
</date>
<date day="2012-09-17">
<game><team tnum="1"><name>Denver Broncos</name><score>21</score><site>V</site><line>3</line><totline>50.5</totline></team>
<team tnum="2"><name>Atlanta Falcons</name><score>27</score><site>H</site><line>-3</line><totline>50.5</totline></team></game>
</date>
<date day="2012-09-20">
<game><team tnum="1"><name>New York Giants</name><score>36</score><site>V</site><line>3</line><totline>49</totline></team>
<team tnum="2"><name>Carolina Panthers</name><score>7</score><site>H</site><line>-3</line><totline>49</totline></team></game>
</date>
<date day="2012-09-23">
<game><team tnum="1"><name>St Louis Rams</name><score>6</score><site>V</site><line>7</line><totline>42</totline></team>
<team tnum="2"><name>Chicago Bears</name><score>23</score><site>H</site><line>-7</line><totline>42</totline></team></game>
<game><team tnum="1"><name>Tampa Bay Buccaneers</name><score>10</score><site>V</site><line>7</line><totline>45.5</totline></team>
<team tnum="2"><name>Dallas Cowboys</name><score>16</score><site>H</site><line>-7</line><totline>45.5</totline></team></game>
<game><team tnum="1"><name>San Francisco 49ers</name><score>13</score><site>V</site><line>-7</line><totline>42.5</totline></team>
<team tnum="2"><name>Minnesota Vikings</name><score>24</score><site>H</site><line>7</line><totline>42.5</totline></team></game>
<game><team tnum="1"><name>Detroit Lions</name><score>41</score><site>V</site><line>-4</line><totline>47</totline></team>
<team tnum="2"><name>Tennessee Titans</name><score>44</score><site>H</site><line>4</line><totline>47</totline></team></game>
<game><team tnum="1"><name>Cincinnati Bengals</name><score>38</score><site>V</site><line>3</line><totline>49.5</totline></team>
<team tnum="2"><name>Washington Redskins</name><score>31</score><site>H</site><line>-3</line><totline>49.5</totline></team></game>
<game><team tnum="1"><name>New York Jets</name><score>23</score><site>V</site><line>-3</line><totline>40.5</totline></team>
<team tnum="2"><name>Miami Dolphins</name><score>20</score><site>H</site><line>3</line><totline>40.5</totline></team></game>
<game><team tnum="1"><name>Kansas City Chiefs</name><score>27</score><site>V</site><line>8.5</line><totline>51.5</totline></team>
<team tnum="2"><name>New Orleans Saints</name><score>24</score><site>H</site><line>-8.5</line><totline>51.5</totline></team></game>
<game><team tnum="1"><name>Buffalo Bills</name><score>24</score><site>V</site><line>-3</line><totline>45</totline></team>
<team tnum="2"><name>Cleveland Browns</name><score>14</score><site>H</site><line>3</line><totline>45</totline></team></game>
<game><team tnum="1"><name>Jacksonville Jaguars</name><score>22</score><site>V</site><line>3</line><totline>42</totline></team>
<team tnum="2"><name>Indianapolis Colts</name><score>17</score><site>H</site><line>-3</line><totline>42</totline></team></game>
<game><team tnum="1"><name>Philadelphia Eagles</name><score>6</score><site>V</site><line>-3</line><totline>42</totline></team>
<team tnum="2"><name>Arizona Cardinals</name><score>27</score><site>H</site><line>3</line><totline>42</totline></team></game>
<game><team tnum="1"><name>Atlanta Falcons</name><score>27</score><site>V</site><line>3</line><totline>47.5</totline></team>
<team tnum="2"><name>San Diego Chargers</name><score>3</score><site>H</site><line>-3</line><totline>47.5</totline></team></game>
<game><team tnum="1"><name>Houston Texans</name><score>31</score><site>V</site><line>-1.5</line><totline>43.5</totline></team>
<team tnum="2"><name>Denver Broncos</name><score>25</score><site>H</site><line>1.5</line><totline>43.5</totline></team></game>
<game><team tnum="1"><name>Pittsburgh Steelers</name><score>31</score><site>V</site><line>-4</line><totline>45</totline></team>
<team tnum="2"><name>Oakland Raiders</name><score>34</score><site>H</site><line>4</line><totline>45</totline></team></game>
<game><team tnum="1"><name>New England Patriots</name><score>30</score><site>V</site><line>3</line><totline>48</totline></team>
<team tnum="2"><name>Baltimore Ravens</name><score>31</score><site>H</site><line>-3</line><totline>48</totline></team></game>
</date>
<date day="2012-09-24">
<game><team tnum="1"><name>Green Bay Packers</name><score>12</score><site>V</site><line>-3.5</line><totline>45.5</totline></team>
<team tnum="2"><name>Seattle Seahawks</name><score>14</score><site>H</site><line>3.5</line><totline>45.5</totline></team></game>
</date>
<date day="2012-09-27">
<game><team tnum="1"><name>Cleveland Browns</name><score>16</score><site>V</site><line>11.5</line><totline>43.5</totline></team>
<team tnum="2"><name>Baltimore Ravens</name><score>23</score><site>H</site><line>-11.5</line><totline>43.5</totline></team></game>
</date>
<date day="2012-09-30">
<game><team tnum="1"><name>New England Patriots</name><score>52</score><site>V</site><line>-4.5</line><totline>48.5</totline></team>
<team tnum="2"><name>Buffalo Bills</name><score>28</score><site>H</site><line>4.5</line><totline>48.5</totline></team></game>
<game><team tnum="1"><name>Minnesota Vikings</name><score>20</score><site>V</site><line>4</line><totline>48.5</totline></team>
<team tnum="2"><name>Detroit Lions</name><score>13</score><site>H</site><line>-4</line><totline>48.5</totline></team></game>
<game><team tnum="1"><name>Carolina Panthers</name><score>28</score><site>V</site><line>7</line><totline>48</totline></team>
<team tnum="2"><name>Atlanta Falcons</name><score>30</score><site>H</site><line>-7</line><totline>48</totline></team></game>
<game><team tnum="1"><name>San Francisco 49ers</name><score>34</score><site>V</site><line>-4</line><totline>41</totline></team>
<team tnum="2"><name>New York Jets</name><score>0</score><site>H</site><line>4</line><totline>41</totline></team></game>
<game><team tnum="1"><name>San Diego Chargers</name><score>37</score><site>V</site><line>-2.5</line><totline>43.5</totline></team>
<team tnum="2"><name>Kansas City Chiefs</name><score>20</score><site>H</site><line>2.5</line><totline>43.5</totline></team></game>
<game><team tnum="1"><name>Tennessee Titans</name><score>14</score><site>V</site><line>13.5</line><totline>45</totline></team>
<team tnum="2"><name>Houston Texans</name><score>38</score><site>H</site><line>-13.5</line><totline>45</totline></team></game>
<game><team tnum="1"><name>Seattle Seahawks</name><score>13</score><site>V</site><line>-2.5</line><totline>39</totline></team>
<team tnum="2"><name>St Louis Rams</name><score>19</score><site>H</site><line>2.5</line><totline>39</totline></team></game>
<game><team tnum="1"><name>Miami Dolphins</name><score>21</score><site>V</site><line>4</line><totline>39.5</totline></team>
<team tnum="2"><name>Arizona Cardinals</name><score>24</score><site>H</site><line>-4</line><totline>39.5</totline></team></game>
<game><team tnum="1"><name>Oakland Raiders</name><score>6</score><site>V</site><line>6.5</line><totline>47</totline></team>
<team tnum="2"><name>Denver Broncos</name><score>37</score><site>H</site><line>-6.5</line><totline>47</totline></team></game>
<game><team tnum="1"><name>Cincinnati Bengals</name><score>27</score><site>V</site><line>1.5</line><totline>45.5</totline></team>
<team tnum="2"><name>Jacksonville Jaguars</name><score>10</score><site>H</site><line>-1.5</line><totline>45.5</totline></team></game>
<game><team tnum="1"><name>New Orleans Saints</name><score>27</score><site>V</site><line>7.5</line><totline>54</totline></team>
<team tnum="2"><name>Green Bay Packers</name><score>28</score><site>H</site><line>-7.5</line><totline>54</totline></team></game>
<game><team tnum="1"><name>Washington Redskins</name><score>24</score><site>V</site><line>2</line><totline>45</totline></team>
<team tnum="2"><name>Tampa Bay Buccaneers</name><score>22</score><site>H</site><line>-2</line><totline>45</totline></team></game>
<game><team tnum="1"><name>New York Giants</name><score>17</score><site>V</site><line>1.5</line><totline>46.5</totline></team>
<team tnum="2"><name>Philadelphia Eagles</name><score>19</score><site>H</site><line>-1.5</line><totline>46.5</totline></team></game>
</date>
<date day="2012-10-01">
<game><team tnum="1"><name>Chicago Bears</name><score>34</score><site>V</site><line>3</line><totline>41.5</totline></team>
<team tnum="2"><name>Dallas Cowboys</name><score>18</score><site>H</site><line>-3</line><totline>41.5</totline></team></game>
</date>
<date day="2012-10-04">
<game><team tnum="1"><name>Arizona Cardinals</name><score>3</score><site>V</site><line>-1.5</line><totline>38</totline></team>
<team tnum="2"><name>St Louis Rams</name><score>17</score><site>H</site><line>1.5</line><totline>38</totline></team></game>
</date>
<date day="2012-10-07">
<game><team tnum="1"><name>Atlanta Falcons</name><score>24</score><site>V</site><line>-3</line><totline>51</totline></team>
<team tnum="2"><name>Washington Redskins</name><score>17</score><site>H</site><line>3</line><totline>51</totline></team></game>
<game><team tnum="1"><name>Philadelphia Eagles</name><score>14</score><site>V</site><line>4</line><totline>44</totline></team>
<team tnum="2"><name>Pittsburgh Steelers</name><score>16</score><site>H</site><line>-4</line><totline>44</totline></team></game>
<game><team tnum="1"><name>Green Bay Packers</name><score>27</score><site>V</site><line>-6.5</line><totline>49</totline></team>
<team tnum="2"><name>Indianapolis Colts</name><score>30</score><site>H</site><line>6.5</line><totline>49</totline></team></game>
<game><team tnum="1"><name>Cleveland Browns</name><score>27</score><site>V</site><line>8</line><totline>44</totline></team>
<team tnum="2"><name>New York Giants</name><score>41</score><site>H</site><line>-8</line><totline>44</totline></team></game>
<game><team tnum="1"><name>Tennessee Titans</name><score>7</score><site>V</site><line>6</line><totline>44</totline></team>
<team tnum="2"><name>Minnesota Vikings</name><score>30</score><site>H</site><line>-6</line><totline>44</totline></team></game>
<game><team tnum="1"><name>Miami Dolphins</name><score>17</score><site>V</site><line>3</line><totline>45</totline></team>
<team tnum="2"><name>Cincinnati Bengals</name><score>13</score><site>H</site><line>-3</line><totline>45</totline></team></game>
<game><team tnum="1"><name>Baltimore Ravens</name><score>9</score><site>V</site><line>-6.5</line><totline>47</totline></team>
<team tnum="2"><name>Kansas City Chiefs</name><score>6</score><site>H</site><line>6.5</line><totline>47</totline></team></game>
<game><team tnum="1"><name>Seattle Seahawks</name><score>16</score><site>V</site><line>2</line><totline>42</totline></team>
<team tnum="2"><name>Carolina Panthers</name><score>12</score><site>H</site><line>-2</line><totline>42</totline></team></game>
<game><team tnum="1"><name>Chicago Bears</name><score>41</score><site>V</site><line>-6.5</line><totline>40</totline></team>
<team tnum="2"><name>Jacksonville Jaguars</name><score>3</score><site>H</site><line>6.5</line><totline>40</totline></team></game>
<game><team tnum="1"><name>Denver Broncos</name><score>21</score><site>V</site><line>6</line><totline>51.5</totline></team>
<team tnum="2"><name>New England Patriots</name><score>31</score><site>H</site><line>-6</line><totline>51.5</totline></team></game>
<game><team tnum="1"><name>Buffalo Bills</name><score>3</score><site>V</site><line>10</line><totline>45</totline></team>
<team tnum="2"><name>San Francisco 49ers</name><score>45</score><site>H</site><line>-10</line><totline>45</totline></team></game>
<game><team tnum="1"><name>San Diego Chargers</name><score>24</score><site>V</site><line>3.5</line><totline>52.5</totline></team>
<team tnum="2"><name>New Orleans Saints</name><score>31</score><site>H</site><line>-3.5</line><totline>52.5</totline></team></game>
</date>
<date day="2012-10-08">
<game><team tnum="1"><name>Houston Texans</name><score>23</score><site>V</site><line>-10</line><totline>41</totline></team>
<team tnum="2"><name>New York Jets</name><score>17</score><site>H</site><line>10</line><totline>41</totline></team></game>
</date>
<date day="2012-10-11">
<game><team tnum="1"><name>Pittsburgh Steelers</name><score>23</score><site>V</site><line>-6.5</line><totline>43</totline></team>
<team tnum="2"><name>Tennessee Titans</name><score>26</score><site>H</site><line>6.5</line><totline>43</totline></team></game>
</date>
<date day="2012-10-14">
<game><team tnum="1"><name>Cincinnati Bengals</name><score>24</score><site>V</site><line>-2</line><totline>42</totline></team>
<team tnum="2"><name>Cleveland Browns</name><score>34</score><site>H</site><line>2</line><totline>42</totline></team></game>
<game><team tnum="1"><name>Indianapolis Colts</name><score>9</score><site>V</site><line>3</line><totline>44</totline></team>
<team tnum="2"><name>New York Jets</name><score>35</score><site>H</site><line>-3</line><totline>44</totline></team></game>
<game><team tnum="1"><name>Kansas City Chiefs</name><score>10</score><site>V</site><line>5</line><totline>39.5</totline></team>
<team tnum="2"><name>Tampa Bay Buccaneers</name><score>38</score><site>H</site><line>-5</line><totline>39.5</totline></team></game>
<game><team tnum="1"><name>Oakland Raiders</name><score>20</score><site>V</site><line>10</line><totline>49</totline></team>
<team tnum="2"><name>Atlanta Falcons</name><score>23</score><site>H</site><line>-10</line><totline>49</totline></team></game>
<game><team tnum="1"><name>Dallas Cowboys</name><score>29</score><site>V</site><line>3</line><totline>45</totline></team>
<team tnum="2"><name>Baltimore Ravens</name><score>31</score><site>H</site><line>-3</line><totline>45</totline></team></game>
<game><team tnum="1"><name>Detroit Lions</name><score>26</score><site>V</site><line>3.5</line><totline>47.5</totline></team>
<team tnum="2"><name>Philadelphia Eagles</name><score>23</score><site>H</site><line>-3.5</line><totline>47.5</totline></team></game>
<game><team tnum="1"><name>St Louis Rams</name><score>14</score><site>V</site><line>5</line><totline>38</totline></team>
<team tnum="2"><name>Miami Dolphins</name><score>17</score><site>H</site><line>-5</line><totline>38</totline></team></game>
<game><team tnum="1"><name>New England Patriots</name><score>23</score><site>V</site><line>-4</line><totline>42.5</totline></team>
<team tnum="2"><name>Seattle Seahawks</name><score>24</score><site>H</site><line>4</line><totline>42.5</totline></team></game>
<game><team tnum="1"><name>Buffalo Bills</name><score>19</score><site>V</site><line>5</line><totline>44</totline></team>
<team tnum="2"><name>Arizona Cardinals</name><score>16</score><site>H</site><line>-5</line><totline>44</totline></team></game>
<game><team tnum="1"><name>Minnesota Vikings</name><score>26</score><site>V</site><line>-2</line><totline>44</totline></team>
<team tnum="2"><name>Washington Redskins</name><score>38</score><site>H</site><line>2</line><totline>44</totline></team></game>
<game><team tnum="1"><name>New York Giants</name><score>26</score><site>V</site><line>7</line><totline>46.5</totline></team>
<team tnum="2"><name>San Francisco 49ers</name><score>3</score><site>H</site><line>-7</line><totline>46.5</totline></team></game>
<game><team tnum="1"><name>Green Bay Packers</name><score>42</score><site>V</site><line>4</line><totline>46.5</totline></team>
<team tnum="2"><name>Houston Texans</name><score>24</score><site>H</site><line>-4</line><totline>46.5</totline></team></game>
</date>
<date day="2012-10-15">
<game><team tnum="1"><name>Denver Broncos</name><score>35</score><site>V</site><line>0</line><totline>47.5</totline></team>
<team tnum="2"><name>San Diego Chargers</name><score>24</score><site>H</site><line>0</line><totline>47.5</totline></team></game>
</date>
<date day="2012-10-18">
<game><team tnum="1"><name>Seattle Seahawks</name><score>6</score><site>V</site><line>7.5</line><totline>37.5</totline></team>
<team tnum="2"><name>San Francisco 49ers</name><score>13</score><site>H</site><line>-7.5</line><totline>37.5</totline></team></game>
</date>
<date day="2012-10-21">
<game><team tnum="1"><name>Tennessee Titans</name><score>35</score><site>V</site><line>4.5</line><totline>46.5</totline></team>
<team tnum="2"><name>Buffalo Bills</name><score>34</score><site>H</site><line>-4.5</line><totline>46.5</totline></team></game>
<game><team tnum="1"><name>Arizona Cardinals</name><score>14</score><site>V</site><line>6.5</line><totline>39.5</totline></team>
<team tnum="2"><name>Minnesota Vikings</name><score>21</score><site>H</site><line>-6.5</line><totline>39.5</totline></team></game>
<game><team tnum="1"><name>Cleveland Browns</name><score>13</score><site>V</site><line>1</line><totline>46.5</totline></team>
<team tnum="2"><name>Indianapolis Colts</name><score>17</score><site>H</site><line>-1</line><totline>46.5</totline></team></game>
<game><team tnum="1"><name>Baltimore Ravens</name><score>13</score><site>V</site><line>6.5</line><totline>47.5</totline></team>
<team tnum="2"><name>Houston Texans</name><score>43</score><site>H</site><line>-6.5</line><totline>47.5</totline></team></game>
<game><team tnum="1"><name>Green Bay Packers</name><score>30</score><site>V</site><line>-5</line><totline>45</totline></team>
<team tnum="2"><name>St Louis Rams</name><score>20</score><site>H</site><line>5</line><totline>45</totline></team></game>
<game><team tnum="1"><name>Dallas Cowboys</name><score>19</score><site>V</site><line>-2.5</line><totline>45</totline></team>
<team tnum="2"><name>Carolina Panthers</name><score>14</score><site>H</site><line>2.5</line><totline>45</totline></team></game>
<game><team tnum="1"><name>Washington Redskins</name><score>23</score><site>V</site><line>6.5</line><totline>51.5</totline></team>
<team tnum="2"><name>New York Giants</name><score>27</score><site>H</site><line>-6.5</line><totline>51.5</totline></team></game>
<game><team tnum="1"><name>New Orleans Saints</name><score>35</score><site>V</site><line>-1.5</line><totline>49.5</totline></team>
<team tnum="2"><name>Tampa Bay Buccaneers</name><score>28</score><site>H</site><line>1.5</line><totline>49.5</totline></team></game>
<game><team tnum="1"><name>New York Jets</name><score>26</score><site>V</site><line>10.5</line><totline>47</totline></team>
<team tnum="2"><name>New England Patriots</name><score>29</score><site>H</site><line>-10.5</line><totline>47</totline></team></game>
<game><team tnum="1"><name>Jacksonville Jaguars</name><score>23</score><site>V</site><line>6</line><totline>44</totline></team>
<team tnum="2"><name>Oakland Raiders</name><score>26</score><site>H</site><line>-6</line><totline>44</totline></team></game>
<game><team tnum="1"><name>Pittsburgh Steelers</name><score>24</score><site>V</site><line>1</line><totline>45.5</totline></team>
<team tnum="2"><name>Cincinnati Bengals</name><score>17</score><site>H</site><line>-1</line><totline>45.5</totline></team></game>
</date>
<date day="2012-10-22">
<game><team tnum="1"><name>Detroit Lions</name><score>7</score><site>V</site><line>6.5</line><totline>47</totline></team>
<team tnum="2"><name>Chicago Bears</name><score>13</score><site>H</site><line>-6.5</line><totline>47</totline></team></game>
</date>
<date day="2012-10-25">
<game><team tnum="1"><name>Tampa Bay Buccaneers</name><score>36</score><site>V</site><line>5.5</line><totline>43</totline></team>
<team tnum="2"><name>Minnesota Vikings</name><score>17</score><site>H</site><line>-5.5</line><totline>43</totline></team></game>
</date>
<date day="2012-10-28">
<game><team tnum="1"><name>New England Patriots</name><score>45</score><site>V</site><line>-7</line><totline>46</totline></team>
<team tnum="2"><name>St Louis Rams</name><score>7</score><site>H</site><line>7</line><totline>46</totline></team></game>
<game><team tnum="1"><name>Indianapolis Colts</name><score>19</score><site>V</site><line>3</line><totline>47</totline></team>
<team tnum="2"><name>Tennessee Titans</name><score>13</score><site>H</site><line>-3</line><totline>47</totline></team></game>
<game><team tnum="1"><name>Jacksonville Jaguars</name><score>15</score><site>V</site><line>16</line><totline>45.5</totline></team>
<team tnum="2"><name>Green Bay Packers</name><score>24</score><site>H</site><line>-16</line><totline>45.5</totline></team></game>
<game><team tnum="1"><name>San Diego Chargers</name><score>6</score><site>V</site><line>-3</line><totline>41</totline></team>
<team tnum="2"><name>Cleveland Browns</name><score>7</score><site>H</site><line>3</line><totline>41</totline></team></game>
<game><team tnum="1"><name>Atlanta Falcons</name><score>30</score><site>V</site><line>3</line><totline>43</totline></team>
<team tnum="2"><name>Philadelphia Eagles</name><score>17</score><site>H</site><line>-3</line><totline>43</totline></team></game>
<game><team tnum="1"><name>Seattle Seahawks</name><score>24</score><site>V</site><line>3</line><totline>42.5</totline></team>
<team tnum="2"><name>Detroit Lions</name><score>28</score><site>H</site><line>-3</line><totline>42.5</totline></team></game>
<game><team tnum="1"><name>Miami Dolphins</name><score>30</score><site>V</site><line>1</line><totline>39</totline></team>
<team tnum="2"><name>New York Jets</name><score>9</score><site>H</site><line>-1</line><totline>39</totline></team></game>
<game><team tnum="1"><name>Carolina Panthers</name><score>22</score><site>V</site><line>7.5</line><totline>41.5</totline></team>
<team tnum="2"><name>Chicago Bears</name><score>23</score><site>H</site><line>-7.5</line><totline>41.5</totline></team></game>
<game><team tnum="1"><name>Washington Redskins</name><score>12</score><site>V</site><line>4.5</line><totline>44</totline></team>
<team tnum="2"><name>Pittsburgh Steelers</name><score>27</score><site>H</site><line>-4.5</line><totline>44</totline></team></game>
<game><team tnum="1"><name>Oakland Raiders</name><score>26</score><site>V</site><line>1</line><totline>42.5</totline></team>
<team tnum="2"><name>Kansas City Chiefs</name><score>16</score><site>H</site><line>-1</line><totline>42.5</totline></team></game>
<game><team tnum="1"><name>New York Giants</name><score>29</score><site>V</site><line>-2.5</line><totline>48</totline></team>
<team tnum="2"><name>Dallas Cowboys</name><score>24</score><site>H</site><line>2.5</line><totline>48</totline></team></game>
<game><team tnum="1"><name>New Orleans Saints</name><score>14</score><site>V</site><line>6.5</line><totline>55</totline></team>
<team tnum="2"><name>Denver Broncos</name><score>34</score><site>H</site><line>-6.5</line><totline>55</totline></team></game>
</date>
<date day="2012-10-29">
<game><team tnum="1"><name>San Francisco 49ers</name><score>24</score><site>V</site><line>-7</line><totline>38.5</totline></team>
<team tnum="2"><name>Arizona Cardinals</name><score>3</score><site>H</site><line>7</line><totline>38.5</totline></team></game>
</date>
<date day="2012-11-01">
<game><team tnum="1"><name>Kansas City Chiefs</name><score>13</score><site>V</site><line>7</line><totline>41</totline></team>
<team tnum="2"><name>San Diego Chargers</name><score>31</score><site>H</site><line>-7</line><totline>41</totline></team></game>
</date>
<date day="2012-11-04">
<game><team tnum="1"><name>Denver Broncos</name><score>31</score><site>V</site><line>-5.5</line><totline>47.5</totline></team>
<team tnum="2"><name>Cincinnati Bengals</name><score>23</score><site>H</site><line>5.5</line><totline>47.5</totline></team></game>
<game><team tnum="1"><name>Arizona Cardinals</name><score>17</score><site>V</site><line>10.5</line><totline>43.5</totline></team>
<team tnum="2"><name>Green Bay Packers</name><score>31</score><site>H</site><line>-10.5</line><totline>43.5</totline></team></game>
<game><team tnum="1"><name>Miami Dolphins</name><score>20</score><site>V</site><line>-2</line><totline>43.5</totline></team>
<team tnum="2"><name>Indianapolis Colts</name><score>23</score><site>H</site><line>2</line><totline>43.5</totline></team></game>
<game><team tnum="1"><name>Baltimore Ravens</name><score>25</score><site>V</site><line>-3.5</line><totline>44</totline></team>
<team tnum="2"><name>Cleveland Browns</name><score>15</score><site>H</site><line>3.5</line><totline>44</totline></team></game>
<game><team tnum="1"><name>Buffalo Bills</name><score>9</score><site>V</site><line>11.5</line><totline>48</totline></team>
<team tnum="2"><name>Houston Texans</name><score>21</score><site>H</site><line>-11.5</line><totline>48</totline></team></game>
<game><team tnum="1"><name>Carolina Panthers</name><score>21</score><site>V</site><line>3</line><totline>48.5</totline></team>
<team tnum="2"><name>Washington Redskins</name><score>13</score><site>H</site><line>-3</line><totline>48.5</totline></team></game>
<game><team tnum="1"><name>Detroit Lions</name><score>31</score><site>V</site><line>-6</line><totline>44</totline></team>
<team tnum="2"><name>Jacksonville Jaguars</name><score>14</score><site>H</site><line>6</line><totline>44</totline></team></game>
<game><team tnum="1"><name>Chicago Bears</name><score>51</score><site>V</site><line>-5</line><totline>43.5</totline></team>
<team tnum="2"><name>Tennessee Titans</name><score>20</score><site>H</site><line>5</line><totline>43.5</totline></team></game>
<game><team tnum="1"><name>Minnesota Vikings</name><score>20</score><site>V</site><line>4</line><totline>38.5</totline></team>
<team tnum="2"><name>Seattle Seahawks</name><score>30</score><site>H</site><line>-4</line><totline>38.5</totline></team></game>
<game><team tnum="1"><name>Tampa Bay Buccaneers</name><score>42</score><site>V</site><line>1</line><totline>47.5</totline></team>
<team tnum="2"><name>Oakland Raiders</name><score>32</score><site>H</site><line>-1</line><totline>47.5</totline></team></game>
<game><team tnum="1"><name>Pittsburgh Steelers</name><score>24</score><site>V</site><line>3.5</line><totline>47.5</totline></team>
<team tnum="2"><name>New York Giants</name><score>20</score><site>H</site><line>-3.5</line><totline>47.5</totline></team></game>
<game><team tnum="1"><name>Dallas Cowboys</name><score>13</score><site>V</site><line>4.5</line><totline>47.5</totline></team>
<team tnum="2"><name>Atlanta Falcons</name><score>19</score><site>H</site><line>-4.5</line><totline>47.5</totline></team></game>
</date>
<date day="2012-11-05">
<game><team tnum="1"><name>Philadelphia Eagles</name><score>13</score><site>V</site><line>3</line><totline>52</totline></team>
<team tnum="2"><name>New Orleans Saints</name><score>28</score><site>H</site><line>-3</line><totline>52</totline></team></game>
</date>
<date day="2012-11-08">
<game><team tnum="1"><name>Indianapolis Colts</name><score>27</score><site>V</site><line>-3.5</line><totline>43.5</totline></team>
<team tnum="2"><name>Jacksonville Jaguars</name><score>10</score><site>H</site><line>3.5</line><totline>43.5</totline></team></game>
</date>
<date day="2012-11-11">
<game><team tnum="1"><name>Buffalo Bills</name><score>31</score><site>V</site><line>13.5</line><totline>54</totline></team>
<team tnum="2"><name>New England Patriots</name><score>37</score><site>H</site><line>-13.5</line><totline>54</totline></team></game>
<game><team tnum="1"><name>New York Giants</name><score>13</score><site>V</site><line>-4.5</line><totline>47.5</totline></team>
<team tnum="2"><name>Cincinnati Bengals</name><score>31</score><site>H</site><line>4.5</line><totline>47.5</totline></team></game>
<game><team tnum="1"><name>San Diego Chargers</name><score>24</score><site>V</site><line>3</line><totline>47</totline></team>
<team tnum="2"><name>Tampa Bay Buccaneers</name><score>34</score><site>H</site><line>-3</line><totline>47</totline></team></game>
<game><team tnum="1"><name>Denver Broncos</name><score>36</score><site>V</site><line>-4</line><totline>47</totline></team>
<team tnum="2"><name>Carolina Panthers</name><score>14</score><site>H</site><line>4</line><totline>47</totline></team></game>
<game><team tnum="1"><name>Tennessee Titans</name><score>37</score><site>V</site><line>7</line><totline>44</totline></team>
<team tnum="2"><name>Miami Dolphins</name><score>3</score><site>H</site><line>-7</line><totline>44</totline></team></game>
<game><team tnum="1"><name>Oakland Raiders</name><score>20</score><site>V</site><line>7.5</line><totline>47.5</totline></team>
<team tnum="2"><name>Baltimore Ravens</name><score>55</score><site>H</site><line>-7.5</line><totline>47.5</totline></team></game>
<game><team tnum="1"><name>Atlanta Falcons</name><score>27</score><site>V</site><line>-1.5</line><totline>54</totline></team>
<team tnum="2"><name>New Orleans Saints</name><score>31</score><site>H</site><line>1.5</line><totline>54</totline></team></game>
<game><team tnum="1"><name>Detroit Lions</name><score>24</score><site>V</site><line>-3</line><totline>45.5</totline></team>
<team tnum="2"><name>Minnesota Vikings</name><score>34</score><site>H</site><line>3</line><totline>45.5</totline></team></game>
<game><team tnum="1"><name>New York Jets</name><score>7</score><site>V</site><line>5.5</line><totline>38.5</totline></team>
<team tnum="2"><name>Seattle Seahawks</name><score>28</score><site>H</site><line>-5.5</line><totline>38.5</totline></team></game>
<game><team tnum="1"><name>Dallas Cowboys</name><score>38</score><site>V</site><line>-2.5</line><totline>44.5</totline></team>
<team tnum="2"><name>Philadelphia Eagles</name><score>23</score><site>H</site><line>2.5</line><totline>44.5</totline></team></game>
<game><team tnum="1"><name>St Louis Rams</name><score>24</score><site>V</site><line>13</line><totline>38</totline></team>
<team tnum="2"><name>San Francisco 49ers</name><score>24</score><site>H</site><line>-13</line><totline>38</totline></team></game>
<game><team tnum="1"><name>Houston Texans</name><score>13</score><site>V</site><line>1</line><totline>40</totline></team>
<team tnum="2"><name>Chicago Bears</name><score>6</score><site>H</site><line>-1</line><totline>40</totline></team></game>
</date>
<date day="2012-11-12">
<game><team tnum="1"><name>Kansas City Chiefs</name><score>13</score><site>V</site><line>13</line><totline>40</totline></team>
<team tnum="2"><name>Pittsburgh Steelers</name><score>16</score><site>H</site><line>-13</line><totline>40</totline></team></game>
</date>
<date day="2012-11-15">
<game><team tnum="1"><name>Miami Dolphins</name><score>14</score><site>V</site><line>2.5</line><totline>46</totline></team>
<team tnum="2"><name>Buffalo Bills</name><score>19</score><site>H</site><line>-2.5</line><totline>46</totline></team></game>
</date>
<date day="2012-11-18">
<game><team tnum="1"><name>Philadelphia Eagles</name><score>6</score><site>V</site><line>3.5</line><totline>46</totline></team>
<team tnum="2"><name>Washington Redskins</name><score>31</score><site>H</site><line>-3.5</line><totline>46</totline></team></game>
<game><team tnum="1"><name>Green Bay Packers</name><score>24</score><site>V</site><line>-3</line><totline>53.5</totline></team>
<team tnum="2"><name>Detroit Lions</name><score>20</score><site>H</site><line>3</line><totline>53.5</totline></team></game>
<game><team tnum="1"><name>Arizona Cardinals</name><score>19</score><site>V</site><line>9.5</line><totline>44</totline></team>
<team tnum="2"><name>Atlanta Falcons</name><score>23</score><site>H</site><line>-9.5</line><totline>44</totline></team></game>
<game><team tnum="1"><name>Tampa Bay Buccaneers</name><score>27</score><site>V</site><line>-1.5</line><totline>47</totline></team>
<team tnum="2"><name>Carolina Panthers</name><score>21</score><site>H</site><line>1.5</line><totline>47</totline></team></game>
<game><team tnum="1"><name>Cleveland Browns</name><score>20</score><site>V</site><line>7</line><totline>43.5</totline></team>
<team tnum="2"><name>Dallas Cowboys</name><score>23</score><site>H</site><line>-7</line><totline>43.5</totline></team></game>
<game><team tnum="1"><name>New York Jets</name><score>27</score><site>V</site><line>3.5</line><totline>38.5</totline></team>
<team tnum="2"><name>St Louis Rams</name><score>13</score><site>H</site><line>-3.5</line><totline>38.5</totline></team></game>
<game><team tnum="1"><name>Indianapolis Colts</name><score>24</score><site>V</site><line>10</line><totline>55</totline></team>
<team tnum="2"><name>New England Patriots</name><score>59</score><site>H</site><line>-10</line><totline>55</totline></team></game>
<game><team tnum="1"><name>Jacksonville Jaguars</name><score>37</score><site>V</site><line>15.5</line><totline>40.5</totline></team>
<team tnum="2"><name>Houston Texans</name><score>43</score><site>H</site><line>-15.5</line><totline>40.5</totline></team></game>
<game><team tnum="1"><name>Cincinnati Bengals</name><score>28</score><site>V</site><line>-3</line><totline>42.5</totline></team>
<team tnum="2"><name>Kansas City Chiefs</name><score>6</score><site>H</site><line>3</line><totline>42.5</totline></team></game>
<game><team tnum="1"><name>New Orleans Saints</name><score>38</score><site>V</site><line>-6.5</line><totline>56</totline></team>
<team tnum="2"><name>Oakland Raiders</name><score>17</score><site>H</site><line>6.5</line><totline>56</totline></team></game>
<game><team tnum="1"><name>San Diego Chargers</name><score>23</score><site>V</site><line>7.5</line><totline>48</totline></team>
<team tnum="2"><name>Denver Broncos</name><score>30</score><site>H</site><line>-7.5</line><totline>48</totline></team></game>
<game><team tnum="1"><name>Baltimore Ravens</name><score>13</score><site>V</site><line>-3</line><totline>40.5</totline></team>
<team tnum="2"><name>Pittsburgh Steelers</name><score>10</score><site>H</site><line>3</line><totline>40.5</totline></team></game>
</date>
<date day="2012-11-19">
<game><team tnum="1"><name>Chicago Bears</name><score>7</score><site>V</site><line>5</line><totline>35</totline></team>
<team tnum="2"><name>San Francisco 49ers</name><score>32</score><site>H</site><line>-5</line><totline>35</totline></team></game>
</date>
<date day="2012-11-22">
<game><team tnum="1"><name>Houston Texans</name><score>34</score><site>V</site><line>-4</line><totline>49</totline></team>
<team tnum="2"><name>Detroit Lions</name><score>31</score><site>H</site><line>4</line><totline>49</totline></team></game>
<game><team tnum="1"><name>Washington Redskins</name><score>38</score><site>V</site><line>3.5</line><totline>47.5</totline></team>
<team tnum="2"><name>Dallas Cowboys</name><score>31</score><site>H</site><line>-3.5</line><totline>47.5</totline></team></game>
<game><team tnum="1"><name>New England Patriots</name><score>49</score><site>V</site><line>-7</line><totline>48.5</totline></team>
<team tnum="2"><name>New York Jets</name><score>19</score><site>H</site><line>7</line><totline>48.5</totline></team></game>
</date>
<date day="2012-11-25">
<game><team tnum="1"><name>Oakland Raiders</name><score>10</score><site>V</site><line>8</line><totline>51</totline></team>
<team tnum="2"><name>Cincinnati Bengals</name><score>34</score><site>H</site><line>-8</line><totline>51</totline></team></game>
<game><team tnum="1"><name>Pittsburgh Steelers</name><score>14</score><site>V</site><line>-2</line><totline>33.5</totline></team>
<team tnum="2"><name>Cleveland Browns</name><score>20</score><site>H</site><line>2</line><totline>33.5</totline></team></game>
<game><team tnum="1"><name>Buffalo Bills</name><score>13</score><site>V</site><line>3</line><totline>51.5</totline></team>
<team tnum="2"><name>Indianapolis Colts</name><score>20</score><site>H</site><line>-3</line><totline>51.5</totline></team></game>
<game><team tnum="1"><name>Denver Broncos</name><score>17</score><site>V</site><line>-10.5</line><totline>42.5</totline></team>
<team tnum="2"><name>Kansas City Chiefs</name><score>9</score><site>H</site><line>10.5</line><totline>42.5</totline></team></game>
<game><team tnum="1"><name>Tennessee Titans</name><score>19</score><site>V</site><line>-3.5</line><totline>45</totline></team>
<team tnum="2"><name>Jacksonville Jaguars</name><score>24</score><site>H</site><line>3.5</line><totline>45</totline></team></game>
<game><team tnum="1"><name>Minnesota Vikings</name><score>10</score><site>V</site><line>6.5</line><totline>39</totline></team>
<team tnum="2"><name>Chicago Bears</name><score>28</score><site>H</site><line>-6.5</line><totline>39</totline></team></game>
<game><team tnum="1"><name>Atlanta Falcons</name><score>24</score><site>V</site><line>-1.5</line><totline>51.5</totline></team>
<team tnum="2"><name>Tampa Bay Buccaneers</name><score>23</score><site>H</site><line>1.5</line><totline>51.5</totline></team></game>
<game><team tnum="1"><name>Seattle Seahawks</name><score>21</score><site>V</site><line>-3</line><totline>38</totline></team>
<team tnum="2"><name>Miami Dolphins</name><score>24</score><site>H</site><line>3</line><totline>38</totline></team></game>
<game><team tnum="1"><name>Baltimore Ravens</name><score>16</score><site>V</site><line>-1</line><totline>47</totline></team>
<team tnum="2"><name>San Diego Chargers</name><score>13</score><site>H</site><line>1</line><totline>47</totline></team></game>
<game><team tnum="1"><name>San Francisco 49ers</name><score>31</score><site>V</site><line>-1.5</line><totline>50</totline></team>
<team tnum="2"><name>New Orleans Saints</name><score>21</score><site>H</site><line>1.5</line><totline>50</totline></team></game>
<game><team tnum="1"><name>St Louis Rams</name><score>31</score><site>V</site><line>1</line><totline>36.5</totline></team>
<team tnum="2"><name>Arizona Cardinals</name><score>17</score><site>H</site><line>-1</line><totline>36.5</totline></team></game>
<game><team tnum="1"><name>Green Bay Packers</name><score>10</score><site>V</site><line>2.5</line><totline>51.5</totline></team>
<team tnum="2"><name>New York Giants</name><score>38</score><site>H</site><line>-2.5</line><totline>51.5</totline></team></game>
</date>
<date day="2012-11-26">
<game><team tnum="1"><name>Carolina Panthers</name><score>30</score><site>V</site><line>-3</line><totline>42</totline></team>
<team tnum="2"><name>Philadelphia Eagles</name><score>22</score><site>H</site><line>3</line><totline>42</totline></team></game>
</date>
<date day="2012-11-29">
<game><team tnum="1"><name>New Orleans Saints</name><score>13</score><site>V</site><line>3.5</line><totline>55</totline></team>
<team tnum="2"><name>Atlanta Falcons</name><score>23</score><site>H</site><line>-3.5</line><totline>55</totline></team></game>
</date>
<date day="2012-12-02">
<game><team tnum="1"><name>Seattle Seahawks</name><score>23</score><site>V</site><line>3.5</line><totline>37</totline></team>
<team tnum="2"><name>Chicago Bears</name><score>17</score><site>H</site><line>-3.5</line><totline>37</totline></team></game>
<game><team tnum="1"><name>Minnesota Vikings</name><score>14</score><site>V</site><line>7.5</line><totline>47</totline></team>
<team tnum="2"><name>Green Bay Packers</name><score>23</score><site>H</site><line>-7.5</line><totline>47</totline></team></game>
<game><team tnum="1"><name>San Francisco 49ers</name><score>13</score><site>V</site><line>-8</line><totline>41</totline></team>
<team tnum="2"><name>St Louis Rams</name><score>16</score><site>H</site><line>8</line><totline>41</totline></team></game>
<game><team tnum="1"><name>Arizona Cardinals</name><score>6</score><site>V</site><line>6</line><totline>36.5</totline></team>
<team tnum="2"><name>New York Jets</name><score>7</score><site>H</site><line>-6</line><totline>36.5</totline></team></game>
<game><team tnum="1"><name>Carolina Panthers</name><score>21</score><site>V</site><line>-6</line><totline>41</totline></team>
<team tnum="2"><name>Kansas City Chiefs</name><score>27</score><site>H</site><line>6</line><totline>41</totline></team></game>
<game><team tnum="1"><name>Indianapolis Colts</name><score>35</score><site>V</site><line>7</line><totline>51</totline></team>
<team tnum="2"><name>Detroit Lions</name><score>33</score><site>H</site><line>-7</line><totline>51</totline></team></game>
<game><team tnum="1"><name>Jacksonville Jaguars</name><score>18</score><site>V</site><line>6</line><totline>42</totline></team>
<team tnum="2"><name>Buffalo Bills</name><score>34</score><site>H</site><line>-6</line><totline>42</totline></team></game>
<game><team tnum="1"><name>New England Patriots</name><score>23</score><site>V</site><line>-9</line><totline>51.5</totline></team>
<team tnum="2"><name>Miami Dolphins</name><score>16</score><site>H</site><line>9</line><totline>51.5</totline></team></game>
<game><team tnum="1"><name>Houston Texans</name><score>24</score><site>V</site><line>-7</line><totline>47</totline></team>
<team tnum="2"><name>Tennessee Titans</name><score>10</score><site>H</site><line>7</line><totline>47</totline></team></game>
<game><team tnum="1"><name>Tampa Bay Buccaneers</name><score>23</score><site>V</site><line>7.5</line><totline>50</totline></team>
<team tnum="2"><name>Denver Broncos</name><score>31</score><site>H</site><line>-7.5</line><totline>50</totline></team></game>
<game><team tnum="1"><name>Pittsburgh Steelers</name><score>23</score><site>V</site><line>7.5</line><totline>36.5</totline></team>
<team tnum="2"><name>Baltimore Ravens</name><score>20</score><site>H</site><line>-7.5</line><totline>36.5</totline></team></game>
<game><team tnum="1"><name>Cleveland Browns</name><score>20</score><site>V</site><line>-2.5</line><totline>39.5</totline></team>
<team tnum="2"><name>Oakland Raiders</name><score>17</score><site>H</site><line>2.5</line><totline>39.5</totline></team></game>
<game><team tnum="1"><name>Cincinnati Bengals</name><score>20</score><site>V</site><line>-2.5</line><totline>46</totline></team>
<team tnum="2"><name>San Diego Chargers</name><score>13</score><site>H</site><line>2.5</line><totline>46</totline></team></game>
<game><team tnum="1"><name>Philadelphia Eagles</name><score>33</score><site>V</site><line>10.5</line><totline>44</totline></team>
<team tnum="2"><name>Dallas Cowboys</name><score>38</score><site>H</site><line>-10.5</line><totline>44</totline></team></game>
</date>
<date day="2012-12-03">
<game><team tnum="1"><name>New York Giants</name><score>16</score><site>V</site><line>-3</line><totline>50</totline></team>
<team tnum="2"><name>Washington Redskins</name><score>17</score><site>H</site><line>3</line><totline>50</totline></team></game>
</date>
<date day="2012-12-06">
<game><team tnum="1"><name>Denver Broncos</name><score>26</score><site>V</site><line>-10.5</line><totline>47</totline></team>
<team tnum="2"><name>Oakland Raiders</name><score>13</score><site>H</site><line>10.5</line><totline>47</totline></team></game>
</date>
<date day="2012-12-09">
<game><team tnum="1"><name>Baltimore Ravens</name><score>28</score><site>V</site><line>1.5</line><totline>48</totline></team>
<team tnum="2"><name>Washington Redskins</name><score>31</score><site>H</site><line>-1.5</line><totline>48</totline></team></game>
<game><team tnum="1"><name>Kansas City Chiefs</name><score>7</score><site>V</site><line>7</line><totline>38</totline></team>
<team tnum="2"><name>Cleveland Browns</name><score>30</score><site>H</site><line>-7</line><totline>38</totline></team></game>
<game><team tnum="1"><name>San Diego Chargers</name><score>34</score><site>V</site><line>7.5</line><totline>38</totline></team>
<team tnum="2"><name>Pittsburgh Steelers</name><score>24</score><site>H</site><line>-7.5</line><totline>38</totline></team></game>
<game><team tnum="1"><name>Tennessee Titans</name><score>23</score><site>V</site><line>4</line><totline>47</totline></team>
<team tnum="2"><name>Indianapolis Colts</name><score>27</score><site>H</site><line>-4</line><totline>47</totline></team></game>
<game><team tnum="1"><name>New York Jets</name><score>17</score><site>V</site><line>-3</line><totline>39</totline></team>
<team tnum="2"><name>Jacksonville Jaguars</name><score>10</score><site>H</site><line>3</line><totline>39</totline></team></game>
<game><team tnum="1"><name>Chicago Bears</name><score>14</score><site>V</site><line>-1.5</line><totline>40.5</totline></team>
<team tnum="2"><name>Minnesota Vikings</name><score>21</score><site>H</site><line>1.5</line><totline>40.5</totline></team></game>
<game><team tnum="1"><name>Atlanta Falcons</name><score>20</score><site>V</site><line>-3.5</line><totline>47</totline></team>
<team tnum="2"><name>Carolina Panthers</name><score>30</score><site>H</site><line>3.5</line><totline>47</totline></team></game>
<game><team tnum="1"><name>Philadelphia Eagles</name><score>23</score><site>V</site><line>7</line><totline>48</totline></team>
<team tnum="2"><name>Tampa Bay Buccaneers</name><score>21</score><site>H</site><line>-7</line><totline>48</totline></team></game>
<game><team tnum="1"><name>St Louis Rams</name><score>15</score><site>V</site><line>3</line><totline>42.5</totline></team>
<team tnum="2"><name>Buffalo Bills</name><score>12</score><site>H</site><line>-3</line><totline>42.5</totline></team></game>
<game><team tnum="1"><name>Dallas Cowboys</name><score>20</score><site>V</site><line>3.5</line><totline>46</totline></team>
<team tnum="2"><name>Cincinnati Bengals</name><score>19</score><site>H</site><line>-3.5</line><totline>46</totline></team></game>
<game><team tnum="1"><name>Miami Dolphins</name><score>13</score><site>V</site><line>10.5</line><totline>38.5</totline></team>
<team tnum="2"><name>San Francisco 49ers</name><score>27</score><site>H</site><line>-10.5</line><totline>38.5</totline></team></game>
<game><team tnum="1"><name>New Orleans Saints</name><score>27</score><site>V</site><line>4.5</line><totline>51.5</totline></team>
<team tnum="2"><name>New York Giants</name><score>52</score><site>H</site><line>-4.5</line><totline>51.5</totline></team></game>
<game><team tnum="1"><name>Arizona Cardinals</name><score>0</score><site>V</site><line>10</line><totline>36</totline></team>
<team tnum="2"><name>Seattle Seahawks</name><score>58</score><site>H</site><line>-10</line><totline>36</totline></team></game>
<game><team tnum="1"><name>Detroit Lions</name><score>20</score><site>V</site><line>6.5</line><totline>49</totline></team>
<team tnum="2"><name>Green Bay Packers</name><score>27</score><site>H</site><line>-6.5</line><totline>49</totline></team></game>
</date>
<date day="2012-12-10">
<game><team tnum="1"><name>Houston Texans</name><score>14</score><site>V</site><line>5.5</line><totline>51</totline></team>
<team tnum="2"><name>New England Patriots</name><score>42</score><site>H</site><line>-5.5</line><totline>51</totline></team></game>
</date>
<date day="2012-12-13">
<game><team tnum="1"><name>Cincinnati Bengals</name><score>34</score><site>V</site><line>-5</line><totline>45</totline></team>
<team tnum="2"><name>Philadelphia Eagles</name><score>13</score><site>H</site><line>5</line><totline>45</totline></team></game>
</date>
<date day="2012-12-16">
<game><team tnum="1"><name>Green Bay Packers</name><score>21</score><site>V</site><line>-3</line><totline>43.5</totline></team>
<team tnum="2"><name>Chicago Bears</name><score>13</score><site>H</site><line>3</line><totline>43.5</totline></team></game>
<game><team tnum="1"><name>New York Giants</name><score>0</score><site>V</site><line>0</line><totline>50</totline></team>
<team tnum="2"><name>Atlanta Falcons</name><score>34</score><site>H</site><line>0</line><totline>50</totline></team></game>
<game><team tnum="1"><name>Tampa Bay Buccaneers</name><score>0</score><site>V</site><line>3.5</line><totline>55</totline></team>
<team tnum="2"><name>New Orleans Saints</name><score>41</score><site>H</site><line>-3.5</line><totline>55</totline></team></game>
<game><team tnum="1"><name>Minnesota Vikings</name><score>36</score><site>V</site><line>2.5</line><totline>39.5</totline></team>
<team tnum="2"><name>St Louis Rams</name><score>22</score><site>H</site><line>-2.5</line><totline>39.5</totline></team></game>
<game><team tnum="1"><name>Washington Redskins</name><score>38</score><site>V</site><line>4</line><totline>40.5</totline></team>
<team tnum="2"><name>Cleveland Browns</name><score>21</score><site>H</site><line>-4</line><totline>40.5</totline></team></game>
<game><team tnum="1"><name>Jacksonville Jaguars</name><score>3</score><site>V</site><line>7.5</line><totline>38</totline></team>
<team tnum="2"><name>Miami Dolphins</name><score>24</score><site>H</site><line>-7.5</line><totline>38</totline></team></game>
<game><team tnum="1"><name>Denver Broncos</name><score>34</score><site>V</site><line>-3</line><totline>48</totline></team>
<team tnum="2"><name>Baltimore Ravens</name><score>17</score><site>H</site><line>3</line><totline>48</totline></team></game>
<game><team tnum="1"><name>Indianapolis Colts</name><score>17</score><site>V</site><line>10.5</line><totline>48</totline></team>
<team tnum="2"><name>Houston Texans</name><score>29</score><site>H</site><line>-10.5</line><totline>48</totline></team></game>
<game><team tnum="1"><name>Carolina Panthers</name><score>31</score><site>V</site><line>3</line><totline>45.5</totline></team>
<team tnum="2"><name>San Diego Chargers</name><score>7</score><site>H</site><line>-3</line><totline>45.5</totline></team></game>
<game info="@ Toronto"><team tnum="1"><name>Seattle Seahawks</name><score>50</score><site>V</site><line>-5</line><totline>44</totline></team>
<team tnum="2"><name>Buffalo Bills</name><score>17</score><site>H</site><line>5</line><totline>44</totline></team></game>
<game><team tnum="1"><name>Detroit Lions</name><score>10</score><site>V</site><line>-6.5</line><totline>43.5</totline></team>
<team tnum="2"><name>Arizona Cardinals</name><score>38</score><site>H</site><line>6.5</line><totline>43.5</totline></team></game>
<game><team tnum="1"><name>Pittsburgh Steelers</name><score>24</score><site>V</site><line>-2.5</line><totline>46</totline></team>
<team tnum="2"><name>Dallas Cowboys</name><score>27</score><site>H</site><line>2.5</line><totline>46</totline></team></game>
<game><team tnum="1"><name>Kansas City Chiefs</name><score>0</score><site>V</site><line>4.5</line><totline>44</totline></team>
<team tnum="2"><name>Oakland Raiders</name><score>15</score><site>H</site><line>-4.5</line><totline>44</totline></team></game>
<game><team tnum="1"><name>San Francisco 49ers</name><score>41</score><site>V</site><line>5</line><totline>47.5</totline></team>
<team tnum="2"><name>New England Patriots</name><score>34</score><site>H</site><line>-5</line><totline>47.5</totline></team></game>
</date>
<date day="2012-12-17">
<game><team tnum="1"><name>New York Jets</name><score>10</score><site>V</site><line>1</line><totline>42</totline></team>
<team tnum="2"><name>Tennessee Titans</name><score>14</score><site>H</site><line>-1</line><totline>42</totline></team></game>
</date>
<date day="2012-12-22">
<game><team tnum="1"><name>Atlanta Falcons</name><score>31</score><site>V</site><line>-4</line><totline>50.5</totline></team>
<team tnum="2"><name>Detroit Lions</name><score>18</score><site>H</site><line>4</line><totline>50.5</totline></team></game>
</date>
<date day="2012-12-23">
<game><team tnum="1"><name>Tennessee Titans</name><score>7</score><site>V</site><line>11</line><totline>44.5</totline></team>
<team tnum="2"><name>Green Bay Packers</name><score>55</score><site>H</site><line>-11</line><totline>44.5</totline></team></game>
<game><team tnum="1"><name>Oakland Raiders</name><score>6</score><site>V</site><line>9.5</line><totline>47</totline></team>
<team tnum="2"><name>Carolina Panthers</name><score>17</score><site>H</site><line>-9.5</line><totline>47</totline></team></game>
<game><team tnum="1"><name>Buffalo Bills</name><score>10</score><site>V</site><line>5</line><totline>43</totline></team>
<team tnum="2"><name>Miami Dolphins</name><score>24</score><site>H</site><line>-5</line><totline>43</totline></team></game>
<game><team tnum="1"><name>Cincinnati Bengals</name><score>13</score><site>V</site><line>3.5</line><totline>40</totline></team>
<team tnum="2"><name>Pittsburgh Steelers</name><score>10</score><site>H</site><line>-3.5</line><totline>40</totline></team></game>
<game><team tnum="1"><name>New England Patriots</name><score>23</score><site>V</site><line>-14.5</line><totline>51</totline></team>
<team tnum="2"><name>Jacksonville Jaguars</name><score>16</score><site>H</site><line>14.5</line><totline>51</totline></team></game>
<game><team tnum="1"><name>Indianapolis Colts</name><score>20</score><site>V</site><line>-6</line><totline>41.5</totline></team>
<team tnum="2"><name>Kansas City Chiefs</name><score>13</score><site>H</site><line>6</line><totline>41.5</totline></team></game>
<game><team tnum="1"><name>New Orleans Saints</name><score>34</score><site>V</site><line>3</line><totline>54.5</totline></team>
<team tnum="2"><name>Dallas Cowboys</name><score>31</score><site>H</site><line>-3</line><totline>54.5</totline></team></game>
<game><team tnum="1"><name>Washington Redskins</name><score>27</score><site>V</site><line>-6</line><totline>46</totline></team>
<team tnum="2"><name>Philadelphia Eagles</name><score>20</score><site>H</site><line>6</line><totline>46</totline></team></game>
<game><team tnum="1"><name>St Louis Rams</name><score>28</score><site>V</site><line>3</line><totline>44</totline></team>
<team tnum="2"><name>Tampa Bay Buccaneers</name><score>13</score><site>H</site><line>-3</line><totline>44</totline></team></game>
<game><team tnum="1"><name>New York Giants</name><score>14</score><site>V</site><line>-2.5</line><totline>47</totline></team>
<team tnum="2"><name>Baltimore Ravens</name><score>33</score><site>H</site><line>2.5</line><totline>47</totline></team></game>
<game><team tnum="1"><name>Minnesota Vikings</name><score>23</score><site>V</site><line>7.5</line><totline>43.5</totline></team>
<team tnum="2"><name>Houston Texans</name><score>6</score><site>H</site><line>-7.5</line><totline>43.5</totline></team></game>
<game><team tnum="1"><name>Cleveland Browns</name><score>12</score><site>V</site><line>11</line><totline>44</totline></team>
<team tnum="2"><name>Denver Broncos</name><score>34</score><site>H</site><line>-11</line><totline>44</totline></team></game>
<game><team tnum="1"><name>Chicago Bears</name><score>28</score><site>V</site><line>-7</line><totline>36.5</totline></team>
<team tnum="2"><name>Arizona Cardinals</name><score>13</score><site>H</site><line>7</line><totline>36.5</totline></team></game>
<game><team tnum="1"><name>San Francisco 49ers</name><score>13</score><site>V</site><line>2</line><totline>40.5</totline></team>
<team tnum="2"><name>Seattle Seahawks</name><score>42</score><site>H</site><line>-2</line><totline>40.5</totline></team></game>
<game><team tnum="1"><name>San Diego Chargers</name><score>27</score><site>V</site><line>3</line><totline>38</totline></team>
<team tnum="2"><name>New York Jets</name><score>17</score><site>H</site><line>-3</line><totline>38</totline></team></game>
</date>
<date day="2012-12-30">
<game><team tnum="1"><name>New York Jets</name><score>9</score><site>V</site><line>3.5</line><totline>41</totline></team>
<team tnum="2"><name>Buffalo Bills</name><score>28</score><site>H</site><line>-3.5</line><totline>41</totline></team></game>
<game><team tnum="1"><name>Miami Dolphins</name><score>0</score><site>V</site><line>10</line><totline>46.5</totline></team>
<team tnum="2"><name>New England Patriots</name><score>28</score><site>H</site><line>-10</line><totline>46.5</totline></team></game>
<game><team tnum="1"><name>Baltimore Ravens</name><score>17</score><site>V</site><line>3</line><totline>42.5</totline></team>
<team tnum="2"><name>Cincinnati Bengals</name><score>23</score><site>H</site><line>-3</line><totline>42.5</totline></team></game>
<game><team tnum="1"><name>Cleveland Browns</name><score>10</score><site>V</site><line>9.5</line><totline>36</totline></team>
<team tnum="2"><name>Pittsburgh Steelers</name><score>24</score><site>H</site><line>-9.5</line><totline>36</totline></team></game>
<game><team tnum="1"><name>Houston Texans</name><score>16</score><site>V</site><line>-6</line><totline>47</totline></team>
<team tnum="2"><name>Indianapolis Colts</name><score>28</score><site>H</site><line>6</line><totline>47</totline></team></game>
<game><team tnum="1"><name>Jacksonville Jaguars</name><score>20</score><site>V</site><line>5.5</line><totline>42</totline></team>
<team tnum="2"><name>Tennessee Titans</name><score>38</score><site>H</site><line>-5.5</line><totline>42</totline></team></game>
<game><team tnum="1"><name>Philadelphia Eagles</name><score>7</score><site>V</site><line>6.5</line><totline>44.5</totline></team>
<team tnum="2"><name>New York Giants</name><score>42</score><site>H</site><line>-6.5</line><totline>44.5</totline></team></game>
<game><team tnum="1"><name>Dallas Cowboys</name><score>18</score><site>V</site><line>3</line><totline>49</totline></team>
<team tnum="2"><name>Washington Redskins</name><score>28</score><site>H</site><line>-3</line><totline>49</totline></team></game>
<game><team tnum="1"><name>Chicago Bears</name><score>26</score><site>V</site><line>-3</line><totline>46</totline></team>
<team tnum="2"><name>Detroit Lions</name><score>24</score><site>H</site><line>3</line><totline>46</totline></team></game>
<game><team tnum="1"><name>Green Bay Packers</name><score>34</score><site>V</site><line>-3</line><totline>46</totline></team>
<team tnum="2"><name>Minnesota Vikings</name><score>37</score><site>H</site><line>3</line><totline>46</totline></team></game>
<game><team tnum="1"><name>Tampa Bay Buccaneers</name><score>22</score><site>V</site><line>3</line><totline>46</totline></team>
<team tnum="2"><name>Atlanta Falcons</name><score>17</score><site>H</site><line>-3</line><totline>46</totline></team></game>
<game><team tnum="1"><name>Carolina Panthers</name><score>44</score><site>V</site><line>4</line><totline>54</totline></team>
<team tnum="2"><name>New Orleans Saints</name><score>38</score><site>H</site><line>-4</line><totline>54</totline></team></game>
<game><team tnum="1"><name>Kansas City Chiefs</name><score>3</score><site>V</site><line>17</line><totline>41.5</totline></team>
<team tnum="2"><name>Denver Broncos</name><score>38</score><site>H</site><line>-17</line><totline>41.5</totline></team></game>
<game><team tnum="1"><name>Oakland Raiders</name><score>21</score><site>V</site><line>8</line><totline>41.5</totline></team>
<team tnum="2"><name>San Diego Chargers</name><score>24</score><site>H</site><line>-8</line><totline>41.5</totline></team></game>
<game><team tnum="1"><name>Arizona Cardinals</name><score>13</score><site>V</site><line>16.5</line><totline>39.5</totline></team>
<team tnum="2"><name>San Francisco 49ers</name><score>27</score><site>H</site><line>-16.5</line><totline>39.5</totline></team></game>
<game><team tnum="1"><name>St Louis Rams</name><score>13</score><site>V</site><line>12</line><totline>42.5</totline></team>
<team tnum="2"><name>Seattle Seahawks</name><score>20</score><site>H</site><line>-12</line><totline>42.5</totline></team></game>
</date>
</scores>
